ref_name,isolate_name,gene,mutation,position,amino_acid
Jayaraman06,1-00-0025,PR,PR:D30N,30,N
Jayaraman06,1-00-0030,PR,PR:D30N,30,N
Jayaraman06,1-00-0030,PR,PR:V32I,32,I
Jayaraman06,1-00-0030,PR,PR:M46I,46,I
Jayaraman06,1-00-0030a,PR,PR:V32I,32,I
Jayaraman06,2-00-0551,PR,PR:N88D,88,D
Jayaraman06,2-01-0007,PR,PR:M46I,46,I
Jayaraman06,5-00-0082,PR,PR:M46I,46,I
Jayaraman06,5-00-0085,PR,PR:M46I,46,I
Jayaraman06,2-00-0583a,RT,RT:V75A,75,A
Jayaraman06,2-01-0036,RT,RT:K101P,101,P
Jayaraman06,2-01-0044,RT,RT:T215F,215,F
Jayaraman06,2-01-0044,RT,RT:T215I,215,I
Jayaraman06,2-01-0107p8,RT,RT:D67N,67,N
