ref_name,isolate_name,mutation,position,amino_acid
Patino-Galindo17,PR2312023,PR:G73S,73,S
Patino-Galindo17,PR2313038,PR:G73S,73,S
Patino-Galindo17,PR2313079,PR:D30N,30,N
Patino-Galindo17,PR0211009,RT:K219E,219,E
Patino-Galindo17,PR0211009,RT:K219R,219,R
Patino-Galindo17,PR0513068,RT:K219Q,219,Q
Patino-Galindo17,PR0514003,RT:K70E,70,E
Patino-Galindo17,PR0514003,RT:K70R,70,R
Patino-Galindo17,PR0912065,RT:G190E,190,E
Patino-Galindo17,PR1113026,RT:Y181V,181,V
Patino-Galindo17,PR2312023,RT:M184I,184,I
Patino-Galindo17,PR2313038,RT:M184I,184,I
Patino-Galindo17,PR2313076,RT:M184I,184,I
Patino-Galindo17,PR2313079,RT:M184I,184,I
