ref_name,test_code,permanent_url
Abecasis07,PRRT,https://hivdb.stanford.edu/cpr/report/?load=hiv-survdb/abecasis07-PRRT
Abecasis07,IN,https://hivdb.stanford.edu/cpr/report/?load=hiv-survdb/abecasis07-IN
Abongwa19,PRRT,https://hivdb.stanford.edu/cpr/report/?load=hiv-survdb/abongwa19-PRRT
Acharya19,PRRT,https://hivdb.stanford.edu/cpr/report/?load=hiv-survdb/acharya19-PRRT
Acharya19,IN,https://hivdb.stanford.edu/cpr/report/?load=hiv-survdb/acharya19-IN
Adojaan05,PRRT,https://hivdb.stanford.edu/cpr/report/?load=hiv-survdb/adojaan05-PRRT
Adojaan05,IN,https://hivdb.stanford.edu/cpr/report/?load=hiv-survdb/adojaan05-IN
Aghokeng09,PRRT,https://hivdb.stanford.edu/cpr/report/?load=hiv-survdb/aghokeng09-PRRT
Aghokeng11,PRRT,https://hivdb.stanford.edu/cpr/report/?load=hiv-survdb/aghokeng11-PRRT
Agwale06,PRRT,https://hivdb.stanford.edu/cpr/report/?load=hiv-survdb/agwale06-PRRT
Ajoge12,PRRT,https://hivdb.stanford.edu/cpr/report/?load=hiv-survdb/ajoge12-PRRT
Alaoui18,IN,https://hivdb.stanford.edu/cpr/report/?load=hiv-survdb/alaoui18-IN
Albert94,PRRT,https://hivdb.stanford.edu/cpr/report/?load=hiv-survdb/albert94-PRRT
Alencar13,PRRT,https://hivdb.stanford.edu/cpr/report/?load=hiv-survdb/alencar13-PRRT
Alexiev15,PRRT,https://hivdb.stanford.edu/cpr/report/?load=hiv-survdb/alexiev15-PRRT
Alizon86,PRRT,https://hivdb.stanford.edu/cpr/report/?load=hiv-survdb/alizon86-PRRT
Alizon86,IN,https://hivdb.stanford.edu/cpr/report/?load=hiv-survdb/alizon86-IN
Amogne16,PRRT,https://hivdb.stanford.edu/cpr/report/?load=hiv-survdb/amogne16-PRRT
Amogne16,IN,https://hivdb.stanford.edu/cpr/report/?load=hiv-survdb/amogne16-IN
An12,PRRT,https://hivdb.stanford.edu/cpr/report/?load=hiv-survdb/an12-PRRT
An12,IN,https://hivdb.stanford.edu/cpr/report/?load=hiv-survdb/an12-IN
Anderson00,PRRT,https://hivdb.stanford.edu/cpr/report/?load=hiv-survdb/anderson00-PRRT
Anderson00,IN,https://hivdb.stanford.edu/cpr/report/?load=hiv-survdb/anderson00-IN
Andersson99,PRRT,https://hivdb.stanford.edu/cpr/report/?load=hiv-survdb/andersson99-PRRT
Andresen07,PRRT,https://hivdb.stanford.edu/cpr/report/?load=hiv-survdb/andresen07-PRRT
Andresen07,IN,https://hivdb.stanford.edu/cpr/report/?load=hiv-survdb/andresen07-IN
Annaz11,PRRT,https://hivdb.stanford.edu/cpr/report/?load=hiv-survdb/annaz11-PRRT
Antoniadou13,PRRT,https://hivdb.stanford.edu/cpr/report/?load=hiv-survdb/antoniadou13-PRRT
Apetrei98,PRRT,https://hivdb.stanford.edu/cpr/report/?load=hiv-survdb/apetrei98-PRRT
Araújo19,PRRT,https://hivdb.stanford.edu/cpr/report/?load=hiv-survdb/araújo19-PRRT
Arien05,PRRT,https://hivdb.stanford.edu/cpr/report/?load=hiv-survdb/arien05-PRRT
Ariffin14,PRRT,https://hivdb.stanford.edu/cpr/report/?load=hiv-survdb/ariffin14-PRRT
Arimide18,PRRT,https://hivdb.stanford.edu/cpr/report/?load=hiv-survdb/arimide18-PRRT
Arora08,PRRT,https://hivdb.stanford.edu/cpr/report/?load=hiv-survdb/arora08-PRRT
Arroyo04,PRRT,https://hivdb.stanford.edu/cpr/report/?load=hiv-survdb/arroyo04-PRRT
Arroyo04,IN,https://hivdb.stanford.edu/cpr/report/?load=hiv-survdb/arroyo04-IN
Arroyo05,PRRT,https://hivdb.stanford.edu/cpr/report/?load=hiv-survdb/arroyo05-PRRT
Arroyo05,IN,https://hivdb.stanford.edu/cpr/report/?load=hiv-survdb/arroyo05-IN
Arruda10,IN,https://hivdb.stanford.edu/cpr/report/?load=hiv-survdb/arruda10-IN
Arruda10b,PRRT,https://hivdb.stanford.edu/cpr/report/?load=hiv-survdb/arruda10b-PRRT
Arruda18,PRRT,https://hivdb.stanford.edu/cpr/report/?load=hiv-survdb/arruda18-PRRT
Aulicino05,PRRT,https://hivdb.stanford.edu/cpr/report/?load=hiv-survdb/aulicino05-PRRT
Aulicino05,IN,https://hivdb.stanford.edu/cpr/report/?load=hiv-survdb/aulicino05-IN
Aulicino05b,PRRT,https://hivdb.stanford.edu/cpr/report/?load=hiv-survdb/aulicino05b-PRRT
Aulicino05b,IN,https://hivdb.stanford.edu/cpr/report/?load=hiv-survdb/aulicino05b-IN
Aulicino19,PRRT,https://hivdb.stanford.edu/cpr/report/?load=hiv-survdb/aulicino19-PRRT
Auwanit09,PRRT,https://hivdb.stanford.edu/cpr/report/?load=hiv-survdb/auwanit09-PRRT
Avi09,PRRT,https://hivdb.stanford.edu/cpr/report/?load=hiv-survdb/avi09-PRRT
Avi10,IN,https://hivdb.stanford.edu/cpr/report/?load=hiv-survdb/avi10-IN
Avi10b,PRRT,https://hivdb.stanford.edu/cpr/report/?load=hiv-survdb/avi10b-PRRT
Avi13,PRRT,https://hivdb.stanford.edu/cpr/report/?load=hiv-survdb/avi13-PRRT
Avila-Rios12,PRRT,https://hivdb.stanford.edu/cpr/report/?load=hiv-survdb/avila-rios12-PRRT
Ay17,PRRT,https://hivdb.stanford.edu/cpr/report/?load=hiv-survdb/ay17-PRRT
Ay20,PRRT,https://hivdb.stanford.edu/cpr/report/?load=hiv-survdb/ay20-PRRT
Ayouba09,PRRT,https://hivdb.stanford.edu/cpr/report/?load=hiv-survdb/ayouba09-PRRT
Babic06,PRRT,https://hivdb.stanford.edu/cpr/report/?load=hiv-survdb/babic06-PRRT
Badreddine07,IN,https://hivdb.stanford.edu/cpr/report/?load=hiv-survdb/badreddine07-IN
Baker07,PRRT,https://hivdb.stanford.edu/cpr/report/?load=hiv-survdb/baker07-PRRT
Balakrishnan05,PRRT,https://hivdb.stanford.edu/cpr/report/?load=hiv-survdb/balakrishnan05-PRRT
Baldrich-Rubio01,PRRT,https://hivdb.stanford.edu/cpr/report/?load=hiv-survdb/baldrich-rubio01-PRRT
Baldrich-Rubio01,IN,https://hivdb.stanford.edu/cpr/report/?load=hiv-survdb/baldrich-rubio01-IN
Balode10,PRRT,https://hivdb.stanford.edu/cpr/report/?load=hiv-survdb/balode10-PRRT
Balotta00,PRRT,https://hivdb.stanford.edu/cpr/report/?load=hiv-survdb/balotta00-PRRT
Bang08,PRRT,https://hivdb.stanford.edu/cpr/report/?load=hiv-survdb/bang08-PRRT
Bao08,PRRT,https://hivdb.stanford.edu/cpr/report/?load=hiv-survdb/bao08-PRRT
Bao14,PRRT,https://hivdb.stanford.edu/cpr/report/?load=hiv-survdb/bao14-PRRT
Barreto06,PRRT,https://hivdb.stanford.edu/cpr/report/?load=hiv-survdb/barreto06-PRRT
Barrow13,PRRT,https://hivdb.stanford.edu/cpr/report/?load=hiv-survdb/barrow13-PRRT
Bartolo09,PRRT,https://hivdb.stanford.edu/cpr/report/?load=hiv-survdb/bartolo09-PRRT
Bartolo14,PRRT,https://hivdb.stanford.edu/cpr/report/?load=hiv-survdb/bartolo14-PRRT
Baudi17,PRRT,https://hivdb.stanford.edu/cpr/report/?load=hiv-survdb/baudi17-PRRT
Baxter21,PRRT,https://hivdb.stanford.edu/cpr/report/?load=hiv-survdb/baxter21-PRRT
Baxter21,IN,https://hivdb.stanford.edu/cpr/report/?load=hiv-survdb/baxter21-IN
Becker-Pergola00,PRRT,https://hivdb.stanford.edu/cpr/report/?load=hiv-survdb/becker-pergola00-PRRT
Bellocchi05,PRRT,https://hivdb.stanford.edu/cpr/report/?load=hiv-survdb/bellocchi05-PRRT
Bernardin05,PRRT,https://hivdb.stanford.edu/cpr/report/?load=hiv-survdb/bernardin05-PRRT
Bernardin05,IN,https://hivdb.stanford.edu/cpr/report/?load=hiv-survdb/bernardin05-IN
Bessong05,PRRT,https://hivdb.stanford.edu/cpr/report/?load=hiv-survdb/bessong05-PRRT
Bessong06,PRRT,https://hivdb.stanford.edu/cpr/report/?load=hiv-survdb/bessong06-PRRT
Bessong13,IN,https://hivdb.stanford.edu/cpr/report/?load=hiv-survdb/bessong13-IN
Bila13,PRRT,https://hivdb.stanford.edu/cpr/report/?load=hiv-survdb/bila13-PRRT
Bila13,IN,https://hivdb.stanford.edu/cpr/report/?load=hiv-survdb/bila13-IN
Billings16,PRRT,https://hivdb.stanford.edu/cpr/report/?load=hiv-survdb/billings16-PRRT
Billings16,IN,https://hivdb.stanford.edu/cpr/report/?load=hiv-survdb/billings16-IN
Billings17,PRRT,https://hivdb.stanford.edu/cpr/report/?load=hiv-survdb/billings17-PRRT
Billings17,IN,https://hivdb.stanford.edu/cpr/report/?load=hiv-survdb/billings17-IN
Billings19,PRRT,https://hivdb.stanford.edu/cpr/report/?load=hiv-survdb/billings19-PRRT
Billings19,IN,https://hivdb.stanford.edu/cpr/report/?load=hiv-survdb/billings19-IN
Billong13,PRRT,https://hivdb.stanford.edu/cpr/report/?load=hiv-survdb/billong13-PRRT
Boender15,PRRT,https://hivdb.stanford.edu/cpr/report/?load=hiv-survdb/boender15-PRRT
Boerma16,PRRT,https://hivdb.stanford.edu/cpr/report/?load=hiv-survdb/boerma16-PRRT
Bontell11,PRRT,https://hivdb.stanford.edu/cpr/report/?load=hiv-survdb/bontell11-PRRT
Bonura10,PRRT,https://hivdb.stanford.edu/cpr/report/?load=hiv-survdb/bonura10-PRRT
Bouchard07,PRRT,https://hivdb.stanford.edu/cpr/report/?load=hiv-survdb/bouchard07-PRRT
Bradley-Stewart17,IN,https://hivdb.stanford.edu/cpr/report/?load=hiv-survdb/bradley-stewart17-IN
Brado18,IN,https://hivdb.stanford.edu/cpr/report/?load=hiv-survdb/brado18-IN
Brennan07,IN,https://hivdb.stanford.edu/cpr/report/?load=hiv-survdb/brennan07-IN
Brennan08,IN,https://hivdb.stanford.edu/cpr/report/?load=hiv-survdb/brennan08-IN
Brennan09,PRRT,https://hivdb.stanford.edu/cpr/report/?load=hiv-survdb/brennan09-PRRT
Brennan09,IN,https://hivdb.stanford.edu/cpr/report/?load=hiv-survdb/brennan09-IN
Brennan10,PRRT,https://hivdb.stanford.edu/cpr/report/?load=hiv-survdb/brennan10-PRRT
Brigido07,PRRT,https://hivdb.stanford.edu/cpr/report/?load=hiv-survdb/brigido07-PRRT
Brindeiro03,PRRT,https://hivdb.stanford.edu/cpr/report/?load=hiv-survdb/brindeiro03-PRRT
Brindeiro99,PRRT,https://hivdb.stanford.edu/cpr/report/?load=hiv-survdb/brindeiro99-PRRT
Brockman12,IN,https://hivdb.stanford.edu/cpr/report/?load=hiv-survdb/brockman12-IN
Brooks13,PRRT,https://hivdb.stanford.edu/cpr/report/?load=hiv-survdb/brooks13-PRRT
Brown00,PRRT,https://hivdb.stanford.edu/cpr/report/?load=hiv-survdb/brown00-PRRT
Brown04,PRRT,https://hivdb.stanford.edu/cpr/report/?load=hiv-survdb/brown04-PRRT
Brown05,PRRT,https://hivdb.stanford.edu/cpr/report/?load=hiv-survdb/brown05-PRRT
Brown05,IN,https://hivdb.stanford.edu/cpr/report/?load=hiv-survdb/brown05-IN
Brown09,PRRT,https://hivdb.stanford.edu/cpr/report/?load=hiv-survdb/brown09-PRRT
Brumme07,PRRT,https://hivdb.stanford.edu/cpr/report/?load=hiv-survdb/brumme07-PRRT
Brumme09,PRRT,https://hivdb.stanford.edu/cpr/report/?load=hiv-survdb/brumme09-PRRT
Brumme09,IN,https://hivdb.stanford.edu/cpr/report/?load=hiv-survdb/brumme09-IN
Bruzzone15,PRRT,https://hivdb.stanford.edu/cpr/report/?load=hiv-survdb/bruzzone15-PRRT
Budambula15,PRRT,https://hivdb.stanford.edu/cpr/report/?load=hiv-survdb/budambula15-PRRT
Bussmann05,PRRT,https://hivdb.stanford.edu/cpr/report/?load=hiv-survdb/bussmann05-PRRT
Bussmann11,PRRT,https://hivdb.stanford.edu/cpr/report/?load=hiv-survdb/bussmann11-PRRT
Capel13,IN,https://hivdb.stanford.edu/cpr/report/?load=hiv-survdb/capel13-IN
Caplinskas13,PRRT,https://hivdb.stanford.edu/cpr/report/?load=hiv-survdb/caplinskas13-PRRT
Capoferri20,PRRT,https://hivdb.stanford.edu/cpr/report/?load=hiv-survdb/capoferri20-PRRT
Capoferri20,IN,https://hivdb.stanford.edu/cpr/report/?load=hiv-survdb/capoferri20-IN
Cardoso09,PRRT,https://hivdb.stanford.edu/cpr/report/?load=hiv-survdb/cardoso09-PRRT
Caron08,PRRT,https://hivdb.stanford.edu/cpr/report/?load=hiv-survdb/caron08-PRRT
Caron12,PRRT,https://hivdb.stanford.edu/cpr/report/?load=hiv-survdb/caron12-PRRT
Carr01,PRRT,https://hivdb.stanford.edu/cpr/report/?load=hiv-survdb/carr01-PRRT
Carr01,IN,https://hivdb.stanford.edu/cpr/report/?load=hiv-survdb/carr01-IN
Carr01b,PRRT,https://hivdb.stanford.edu/cpr/report/?load=hiv-survdb/carr01b-PRRT
Carr01b,IN,https://hivdb.stanford.edu/cpr/report/?load=hiv-survdb/carr01b-IN
Carr05,PRRT,https://hivdb.stanford.edu/cpr/report/?load=hiv-survdb/carr05-PRRT
Carr05,IN,https://hivdb.stanford.edu/cpr/report/?load=hiv-survdb/carr05-IN
Carr05b,PRRT,https://hivdb.stanford.edu/cpr/report/?load=hiv-survdb/carr05b-PRRT
Carr05b,IN,https://hivdb.stanford.edu/cpr/report/?load=hiv-survdb/carr05b-IN
Carr06,PRRT,https://hivdb.stanford.edu/cpr/report/?load=hiv-survdb/carr06-PRRT
Carr06,IN,https://hivdb.stanford.edu/cpr/report/?load=hiv-survdb/carr06-IN
Carr10,PRRT,https://hivdb.stanford.edu/cpr/report/?load=hiv-survdb/carr10-PRRT
Carr10,IN,https://hivdb.stanford.edu/cpr/report/?load=hiv-survdb/carr10-IN
Carr96,PRRT,https://hivdb.stanford.edu/cpr/report/?load=hiv-survdb/carr96-PRRT
Carr96,IN,https://hivdb.stanford.edu/cpr/report/?load=hiv-survdb/carr96-IN
Carr98,PRRT,https://hivdb.stanford.edu/cpr/report/?load=hiv-survdb/carr98-PRRT
Carr98,IN,https://hivdb.stanford.edu/cpr/report/?load=hiv-survdb/carr98-IN
Carrion03,PRRT,https://hivdb.stanford.edu/cpr/report/?load=hiv-survdb/carrion03-PRRT
Carrion03,IN,https://hivdb.stanford.edu/cpr/report/?load=hiv-survdb/carrion03-IN
Carrion04,PRRT,https://hivdb.stanford.edu/cpr/report/?load=hiv-survdb/carrion04-PRRT
Carrion04,IN,https://hivdb.stanford.edu/cpr/report/?load=hiv-survdb/carrion04-IN
Carvalho11,PRRT,https://hivdb.stanford.edu/cpr/report/?load=hiv-survdb/carvalho11-PRRT
Carvalho15,PRRT,https://hivdb.stanford.edu/cpr/report/?load=hiv-survdb/carvalho15-PRRT
Casado03,PRRT,https://hivdb.stanford.edu/cpr/report/?load=hiv-survdb/casado03-PRRT
Casado03,IN,https://hivdb.stanford.edu/cpr/report/?load=hiv-survdb/casado03-IN
Casado05,PRRT,https://hivdb.stanford.edu/cpr/report/?load=hiv-survdb/casado05-PRRT
Casado05,IN,https://hivdb.stanford.edu/cpr/report/?load=hiv-survdb/casado05-IN
Castelbranco10,PRRT,https://hivdb.stanford.edu/cpr/report/?load=hiv-survdb/castelbranco10-PRRT
Castillo09,PRRT,https://hivdb.stanford.edu/cpr/report/?load=hiv-survdb/castillo09-PRRT
Castley16,PRRT,https://hivdb.stanford.edu/cpr/report/?load=hiv-survdb/castley16-PRRT
Castro10,PRRT,https://hivdb.stanford.edu/cpr/report/?load=hiv-survdb/castro10-PRRT
Caumont01,PRRT,https://hivdb.stanford.edu/cpr/report/?load=hiv-survdb/caumont01-PRRT
Chaillon17,PRRT,https://hivdb.stanford.edu/cpr/report/?load=hiv-survdb/chaillon17-PRRT
Chaix03,PRRT,https://hivdb.stanford.edu/cpr/report/?load=hiv-survdb/chaix03-PRRT
Chamberland12,PRRT,https://hivdb.stanford.edu/cpr/report/?load=hiv-survdb/chamberland12-PRRT
Chang08,PRRT,https://hivdb.stanford.edu/cpr/report/?load=hiv-survdb/chang08-PRRT
Chang18,PRRT,https://hivdb.stanford.edu/cpr/report/?load=hiv-survdb/chang18-PRRT
Chang18,IN,https://hivdb.stanford.edu/cpr/report/?load=hiv-survdb/chang18-IN
Chang20,PRRT,https://hivdb.stanford.edu/cpr/report/?load=hiv-survdb/chang20-PRRT
Chang20,IN,https://hivdb.stanford.edu/cpr/report/?load=hiv-survdb/chang20-IN
Charpentier11,PRRT,https://hivdb.stanford.edu/cpr/report/?load=hiv-survdb/charpentier11-PRRT
Charurat12,PRRT,https://hivdb.stanford.edu/cpr/report/?load=hiv-survdb/charurat12-PRRT
Charurat12,IN,https://hivdb.stanford.edu/cpr/report/?load=hiv-survdb/charurat12-IN
Chaturbhuj10,PRRT,https://hivdb.stanford.edu/cpr/report/?load=hiv-survdb/chaturbhuj10-PRRT
Chehadeh15,PRRT,https://hivdb.stanford.edu/cpr/report/?load=hiv-survdb/chehadeh15-PRRT
Chehadeh17,IN,https://hivdb.stanford.edu/cpr/report/?load=hiv-survdb/chehadeh17-IN
Chen12,PRRT,https://hivdb.stanford.edu/cpr/report/?load=hiv-survdb/chen12-PRRT
Chen13,PRRT,https://hivdb.stanford.edu/cpr/report/?load=hiv-survdb/chen13-PRRT
Chen14,PRRT,https://hivdb.stanford.edu/cpr/report/?load=hiv-survdb/chen14-PRRT
Chen14b,PRRT,https://hivdb.stanford.edu/cpr/report/?load=hiv-survdb/chen14b-PRRT
Chen16,PRRT,https://hivdb.stanford.edu/cpr/report/?load=hiv-survdb/chen16-PRRT
Chen16,IN,https://hivdb.stanford.edu/cpr/report/?load=hiv-survdb/chen16-IN
Chen17,IN,https://hivdb.stanford.edu/cpr/report/?load=hiv-survdb/chen17-IN
Chen17b,PRRT,https://hivdb.stanford.edu/cpr/report/?load=hiv-survdb/chen17b-PRRT
Chen17b,IN,https://hivdb.stanford.edu/cpr/report/?load=hiv-survdb/chen17b-IN
Chen18,PRRT,https://hivdb.stanford.edu/cpr/report/?load=hiv-survdb/chen18-PRRT
Chen18b,PRRT,https://hivdb.stanford.edu/cpr/report/?load=hiv-survdb/chen18b-PRRT
Chen18c,PRRT,https://hivdb.stanford.edu/cpr/report/?load=hiv-survdb/chen18c-PRRT
Chen19,PRRT,https://hivdb.stanford.edu/cpr/report/?load=hiv-survdb/chen19-PRRT
Chen19,IN,https://hivdb.stanford.edu/cpr/report/?load=hiv-survdb/chen19-IN
Chen20,PRRT,https://hivdb.stanford.edu/cpr/report/?load=hiv-survdb/chen20-PRRT
Chen20,IN,https://hivdb.stanford.edu/cpr/report/?load=hiv-survdb/chen20-IN
Cheng20,PRRT,https://hivdb.stanford.edu/cpr/report/?load=hiv-survdb/cheng20-PRRT
Cheng20,IN,https://hivdb.stanford.edu/cpr/report/?load=hiv-survdb/cheng20-IN
Cheong14,PRRT,https://hivdb.stanford.edu/cpr/report/?load=hiv-survdb/cheong14-PRRT
Cheong14,IN,https://hivdb.stanford.edu/cpr/report/?load=hiv-survdb/cheong14-IN
Cheong15,PRRT,https://hivdb.stanford.edu/cpr/report/?load=hiv-survdb/cheong15-PRRT
Cheong15,IN,https://hivdb.stanford.edu/cpr/report/?load=hiv-survdb/cheong15-IN
Cheriro15,PRRT,https://hivdb.stanford.edu/cpr/report/?load=hiv-survdb/cheriro15-PRRT
Chibo11,PRRT,https://hivdb.stanford.edu/cpr/report/?load=hiv-survdb/chibo11-PRRT
Chikata14,PRRT,https://hivdb.stanford.edu/cpr/report/?load=hiv-survdb/chikata14-PRRT
Chikata14,IN,https://hivdb.stanford.edu/cpr/report/?load=hiv-survdb/chikata14-IN
Chin06,PRRT,https://hivdb.stanford.edu/cpr/report/?load=hiv-survdb/chin06-PRRT
Chin10,PRRT,https://hivdb.stanford.edu/cpr/report/?load=hiv-survdb/chin10-PRRT
Chin15,PRRT,https://hivdb.stanford.edu/cpr/report/?load=hiv-survdb/chin15-PRRT
Choi08,PRRT,https://hivdb.stanford.edu/cpr/report/?load=hiv-survdb/choi08-PRRT
Choi97,PRRT,https://hivdb.stanford.edu/cpr/report/?load=hiv-survdb/choi97-PRRT
Choi97,IN,https://hivdb.stanford.edu/cpr/report/?load=hiv-survdb/choi97-IN
Chow12,PRRT,https://hivdb.stanford.edu/cpr/report/?load=hiv-survdb/chow12-PRRT
Chow12,IN,https://hivdb.stanford.edu/cpr/report/?load=hiv-survdb/chow12-IN
Chow14,PRRT,https://hivdb.stanford.edu/cpr/report/?load=hiv-survdb/chow14-PRRT
Chow14,IN,https://hivdb.stanford.edu/cpr/report/?load=hiv-survdb/chow14-IN
Chow16,PRRT,https://hivdb.stanford.edu/cpr/report/?load=hiv-survdb/chow16-PRRT
Chung14,PRRT,https://hivdb.stanford.edu/cpr/report/?load=hiv-survdb/chung14-PRRT
Church07,PRRT,https://hivdb.stanford.edu/cpr/report/?load=hiv-survdb/church07-PRRT
Ciccozzi05,PRRT,https://hivdb.stanford.edu/cpr/report/?load=hiv-survdb/ciccozzi05-PRRT
Courtney16,PRRT,https://hivdb.stanford.edu/cpr/report/?load=hiv-survdb/courtney16-PRRT
Couto-Fernandez06,IN,https://hivdb.stanford.edu/cpr/report/?load=hiv-survdb/couto-fernandez06-IN
Crispim19,PRRT,https://hivdb.stanford.edu/cpr/report/?load=hiv-survdb/crispim19-PRRT
Cuevas09,PRRT,https://hivdb.stanford.edu/cpr/report/?load=hiv-survdb/cuevas09-PRRT
Cuevas09b,PRRT,https://hivdb.stanford.edu/cpr/report/?load=hiv-survdb/cuevas09b-PRRT
Cuevas15,PRRT,https://hivdb.stanford.edu/cpr/report/?load=hiv-survdb/cuevas15-PRRT
Cuevas15,IN,https://hivdb.stanford.edu/cpr/report/?load=hiv-survdb/cuevas15-IN
Dalai09,PRRT,https://hivdb.stanford.edu/cpr/report/?load=hiv-survdb/dalai09-PRRT
Darcissac16,PRRT,https://hivdb.stanford.edu/cpr/report/?load=hiv-survdb/darcissac16-PRRT
Dauwe15,PRRT,https://hivdb.stanford.edu/cpr/report/?load=hiv-survdb/dauwe15-PRRT
DeGascun12,PRRT,https://hivdb.stanford.edu/cpr/report/?load=hiv-survdb/degascun12-PRRT
Dean11,PRRT,https://hivdb.stanford.edu/cpr/report/?load=hiv-survdb/dean11-PRRT
Deho08,PRRT,https://hivdb.stanford.edu/cpr/report/?load=hiv-survdb/deho08-PRRT
Delatorre16,PRRT,https://hivdb.stanford.edu/cpr/report/?load=hiv-survdb/delatorre16-PRRT
Delatorre17,PRRT,https://hivdb.stanford.edu/cpr/report/?load=hiv-survdb/delatorre17-PRRT
Delgado08,PRRT,https://hivdb.stanford.edu/cpr/report/?load=hiv-survdb/delgado08-PRRT
Delgado15,PRRT,https://hivdb.stanford.edu/cpr/report/?load=hiv-survdb/delgado15-PRRT
Delgado15,IN,https://hivdb.stanford.edu/cpr/report/?load=hiv-survdb/delgado15-IN
Delwart12,PRRT,https://hivdb.stanford.edu/cpr/report/?load=hiv-survdb/delwart12-PRRT
Derache07,PRRT,https://hivdb.stanford.edu/cpr/report/?load=hiv-survdb/derache07-PRRT
Derache08,PRRT,https://hivdb.stanford.edu/cpr/report/?load=hiv-survdb/derache08-PRRT
Derache18,PRRT,https://hivdb.stanford.edu/cpr/report/?load=hiv-survdb/derache18-PRRT
Descamps10,PRRT,https://hivdb.stanford.edu/cpr/report/?load=hiv-survdb/descamps10-PRRT
Deshpande04,PRRT,https://hivdb.stanford.edu/cpr/report/?load=hiv-survdb/deshpande04-PRRT
Deshpande11,PRRT,https://hivdb.stanford.edu/cpr/report/?load=hiv-survdb/deshpande11-PRRT
Dilernia07,PRRT,https://hivdb.stanford.edu/cpr/report/?load=hiv-survdb/dilernia07-PRRT
Diop-Ndiaye10,PRRT,https://hivdb.stanford.edu/cpr/report/?load=hiv-survdb/diop-ndiaye10-PRRT
Djoko10,PRRT,https://hivdb.stanford.edu/cpr/report/?load=hiv-survdb/djoko10-PRRT
Djoko10b,PRRT,https://hivdb.stanford.edu/cpr/report/?load=hiv-survdb/djoko10b-PRRT
Dow17,PRRT,https://hivdb.stanford.edu/cpr/report/?load=hiv-survdb/dow17-PRRT
Dowling02,PRRT,https://hivdb.stanford.edu/cpr/report/?load=hiv-survdb/dowling02-PRRT
Dowling02,IN,https://hivdb.stanford.edu/cpr/report/?load=hiv-survdb/dowling02-IN
Duc12,PRRT,https://hivdb.stanford.edu/cpr/report/?load=hiv-survdb/duc12-PRRT
Dumans02,PRRT,https://hivdb.stanford.edu/cpr/report/?load=hiv-survdb/dumans02-PRRT
Duque02,PRRT,https://hivdb.stanford.edu/cpr/report/?load=hiv-survdb/duque02-PRRT
Edoul20,PRRT,https://hivdb.stanford.edu/cpr/report/?load=hiv-survdb/edoul20-PRRT
El-Badry20,PRRT,https://hivdb.stanford.edu/cpr/report/?load=hiv-survdb/el-badry20-PRRT
El-Badry20,IN,https://hivdb.stanford.edu/cpr/report/?load=hiv-survdb/el-badry20-IN
Ellenberger99,PRRT,https://hivdb.stanford.edu/cpr/report/?load=hiv-survdb/ellenberger99-PRRT
Escoto-Delgadillo05,PRRT,https://hivdb.stanford.edu/cpr/report/?load=hiv-survdb/escoto-delgadillo05-PRRT
Escoto-Delgadillo16,PRRT,https://hivdb.stanford.edu/cpr/report/?load=hiv-survdb/escoto-delgadillo16-PRRT
Eshleman04,PRRT,https://hivdb.stanford.edu/cpr/report/?load=hiv-survdb/eshleman04-PRRT
Eshleman05,PRRT,https://hivdb.stanford.edu/cpr/report/?load=hiv-survdb/eshleman05-PRRT
Eshleman07,PRRT,https://hivdb.stanford.edu/cpr/report/?load=hiv-survdb/eshleman07-PRRT
Eshleman09,IN,https://hivdb.stanford.edu/cpr/report/?load=hiv-survdb/eshleman09-IN
Eshleman09b,PRRT,https://hivdb.stanford.edu/cpr/report/?load=hiv-survdb/eshleman09b-PRRT
Espinosa04,PRRT,https://hivdb.stanford.edu/cpr/report/?load=hiv-survdb/espinosa04-PRRT
Eyzaguirre07,PRRT,https://hivdb.stanford.edu/cpr/report/?load=hiv-survdb/eyzaguirre07-PRRT
Eyzaguirre07,IN,https://hivdb.stanford.edu/cpr/report/?load=hiv-survdb/eyzaguirre07-IN
Fabeni20,PRRT,https://hivdb.stanford.edu/cpr/report/?load=hiv-survdb/fabeni20-PRRT
Fang04,PRRT,https://hivdb.stanford.edu/cpr/report/?load=hiv-survdb/fang04-PRRT
Fang04,IN,https://hivdb.stanford.edu/cpr/report/?load=hiv-survdb/fang04-IN
Fayssel16,PRRT,https://hivdb.stanford.edu/cpr/report/?load=hiv-survdb/fayssel16-PRRT
Feng14,PRRT,https://hivdb.stanford.edu/cpr/report/?load=hiv-survdb/feng14-PRRT
Feng14,IN,https://hivdb.stanford.edu/cpr/report/?load=hiv-survdb/feng14-IN
Feng16,PRRT,https://hivdb.stanford.edu/cpr/report/?load=hiv-survdb/feng16-PRRT
Feng16,IN,https://hivdb.stanford.edu/cpr/report/?load=hiv-survdb/feng16-IN
Feng16b,PRRT,https://hivdb.stanford.edu/cpr/report/?load=hiv-survdb/feng16b-PRRT
Feng18,PRRT,https://hivdb.stanford.edu/cpr/report/?load=hiv-survdb/feng18-PRRT
Feng18,IN,https://hivdb.stanford.edu/cpr/report/?load=hiv-survdb/feng18-IN
Fernandez-Garcia12,PRRT,https://hivdb.stanford.edu/cpr/report/?load=hiv-survdb/fernandez-garcia12-PRRT
Fernandez-Garcia12,IN,https://hivdb.stanford.edu/cpr/report/?load=hiv-survdb/fernandez-garcia12-IN
Ferreira08,PRRT,https://hivdb.stanford.edu/cpr/report/?load=hiv-survdb/ferreira08-PRRT
Ferreira11,PRRT,https://hivdb.stanford.edu/cpr/report/?load=hiv-survdb/ferreira11-PRRT
Ferreira13,PRRT,https://hivdb.stanford.edu/cpr/report/?load=hiv-survdb/ferreira13-PRRT
Fish10,IN,https://hivdb.stanford.edu/cpr/report/?load=hiv-survdb/fish10-IN
Florea11,PRRT,https://hivdb.stanford.edu/cpr/report/?load=hiv-survdb/florea11-PRRT
Fokam16,PRRT,https://hivdb.stanford.edu/cpr/report/?load=hiv-survdb/fokam16-PRRT
Fokam20,PRRT,https://hivdb.stanford.edu/cpr/report/?load=hiv-survdb/fokam20-PRRT
Fonjungo02,PRRT,https://hivdb.stanford.edu/cpr/report/?load=hiv-survdb/fonjungo02-PRRT
Foster14,PRRT,https://hivdb.stanford.edu/cpr/report/?load=hiv-survdb/foster14-PRRT
Foster14,IN,https://hivdb.stanford.edu/cpr/report/?load=hiv-survdb/foster14-IN
Frange12,PRRT,https://hivdb.stanford.edu/cpr/report/?load=hiv-survdb/frange12-PRRT
Frentz13,PRRT,https://hivdb.stanford.edu/cpr/report/?load=hiv-survdb/frentz13-PRRT
Fujisaki09,PRRT,https://hivdb.stanford.edu/cpr/report/?load=hiv-survdb/fujisaki09-PRRT
Gafarova10,IN,https://hivdb.stanford.edu/cpr/report/?load=hiv-survdb/gafarova10-IN
Galkin06,PRRT,https://hivdb.stanford.edu/cpr/report/?load=hiv-survdb/galkin06-PRRT
Galkin06,IN,https://hivdb.stanford.edu/cpr/report/?load=hiv-survdb/galkin06-IN
Galkin06b,PRRT,https://hivdb.stanford.edu/cpr/report/?load=hiv-survdb/galkin06b-PRRT
Galkin06b,IN,https://hivdb.stanford.edu/cpr/report/?load=hiv-survdb/galkin06b-IN
Galluzzo07,PRRT,https://hivdb.stanford.edu/cpr/report/?load=hiv-survdb/galluzzo07-PRRT
Gao01,PRRT,https://hivdb.stanford.edu/cpr/report/?load=hiv-survdb/gao01-PRRT
Gao01,IN,https://hivdb.stanford.edu/cpr/report/?load=hiv-survdb/gao01-IN
Gao96,PRRT,https://hivdb.stanford.edu/cpr/report/?load=hiv-survdb/gao96-PRRT
Gao96,IN,https://hivdb.stanford.edu/cpr/report/?load=hiv-survdb/gao96-IN
Gao96b,PRRT,https://hivdb.stanford.edu/cpr/report/?load=hiv-survdb/gao96b-PRRT
Gao96b,IN,https://hivdb.stanford.edu/cpr/report/?load=hiv-survdb/gao96b-IN
Gao98,PRRT,https://hivdb.stanford.edu/cpr/report/?load=hiv-survdb/gao98-PRRT
Gao98,IN,https://hivdb.stanford.edu/cpr/report/?load=hiv-survdb/gao98-IN
Gao98b,PRRT,https://hivdb.stanford.edu/cpr/report/?load=hiv-survdb/gao98b-PRRT
Gao98b,IN,https://hivdb.stanford.edu/cpr/report/?load=hiv-survdb/gao98b-IN
Garrido09,IN,https://hivdb.stanford.edu/cpr/report/?load=hiv-survdb/garrido09-IN
Gashnikova15,PRRT,https://hivdb.stanford.edu/cpr/report/?load=hiv-survdb/gashnikova15-PRRT
Gashnikova16,PRRT,https://hivdb.stanford.edu/cpr/report/?load=hiv-survdb/gashnikova16-PRRT
Gashnikova16,IN,https://hivdb.stanford.edu/cpr/report/?load=hiv-survdb/gashnikova16-IN
Gaspareto12,PRRT,https://hivdb.stanford.edu/cpr/report/?load=hiv-survdb/gaspareto12-PRRT
Gatanaga07,PRRT,https://hivdb.stanford.edu/cpr/report/?load=hiv-survdb/gatanaga07-PRRT
Ghafari17,PRRT,https://hivdb.stanford.edu/cpr/report/?load=hiv-survdb/ghafari17-PRRT
Gittens03,PRRT,https://hivdb.stanford.edu/cpr/report/?load=hiv-survdb/gittens03-PRRT
Gonsalez07,PRRT,https://hivdb.stanford.edu/cpr/report/?load=hiv-survdb/gonsalez07-PRRT
Gonzalez-Domenech18,PRRT,https://hivdb.stanford.edu/cpr/report/?load=hiv-survdb/gonzalez-domenech18-PRRT
Gonzalez-Domenech20,PRRT,https://hivdb.stanford.edu/cpr/report/?load=hiv-survdb/gonzalez-domenech20-PRRT
Gonzalez-Perez03,PRRT,https://hivdb.stanford.edu/cpr/report/?load=hiv-survdb/gonzalez-perez03-PRRT
Gonzalez10,PRRT,https://hivdb.stanford.edu/cpr/report/?load=hiv-survdb/gonzalez10-PRRT
Gordon03,PRRT,https://hivdb.stanford.edu/cpr/report/?load=hiv-survdb/gordon03-PRRT
Graf11,PRRT,https://hivdb.stanford.edu/cpr/report/?load=hiv-survdb/graf11-PRRT
Graf11,IN,https://hivdb.stanford.edu/cpr/report/?load=hiv-survdb/graf11-IN
Graf98,PRRT,https://hivdb.stanford.edu/cpr/report/?load=hiv-survdb/graf98-PRRT
Graf98,IN,https://hivdb.stanford.edu/cpr/report/?load=hiv-survdb/graf98-IN
Grgic13,PRRT,https://hivdb.stanford.edu/cpr/report/?load=hiv-survdb/grgic13-PRRT
Grossman05,PRRT,https://hivdb.stanford.edu/cpr/report/?load=hiv-survdb/grossman05-PRRT
Guan20,PRRT,https://hivdb.stanford.edu/cpr/report/?load=hiv-survdb/guan20-PRRT
Gui15,PRRT,https://hivdb.stanford.edu/cpr/report/?load=hiv-survdb/gui15-PRRT
Gui15,IN,https://hivdb.stanford.edu/cpr/report/?load=hiv-survdb/gui15-IN
Guimar10,IN,https://hivdb.stanford.edu/cpr/report/?load=hiv-survdb/guimar10-IN
Guimaraes15,PRRT,https://hivdb.stanford.edu/cpr/report/?load=hiv-survdb/guimaraes15-PRRT
Guimaraes15b,PRRT,https://hivdb.stanford.edu/cpr/report/?load=hiv-survdb/guimaraes15b-PRRT
Gulick04,PRRT,https://hivdb.stanford.edu/cpr/report/?load=hiv-survdb/gulick04-PRRT
Guo15,PRRT,https://hivdb.stanford.edu/cpr/report/?load=hiv-survdb/guo15-PRRT
Hachiya17,PRRT,https://hivdb.stanford.edu/cpr/report/?load=hiv-survdb/hachiya17-PRRT
Hachiya17,IN,https://hivdb.stanford.edu/cpr/report/?load=hiv-survdb/hachiya17-IN
Hai-Long07,PRRT,https://hivdb.stanford.edu/cpr/report/?load=hiv-survdb/hai-long07-PRRT
Hai-Long07,IN,https://hivdb.stanford.edu/cpr/report/?load=hiv-survdb/hai-long07-IN
Hamers10,PRRT,https://hivdb.stanford.edu/cpr/report/?load=hiv-survdb/hamers10-PRRT
Hamers11,PRRT,https://hivdb.stanford.edu/cpr/report/?load=hiv-survdb/hamers11-PRRT
Han07,PRRT,https://hivdb.stanford.edu/cpr/report/?load=hiv-survdb/han07-PRRT
Han10,PRRT,https://hivdb.stanford.edu/cpr/report/?load=hiv-survdb/han10-PRRT
Han13,PRRT,https://hivdb.stanford.edu/cpr/report/?load=hiv-survdb/han13-PRRT
Han13b,PRRT,https://hivdb.stanford.edu/cpr/report/?load=hiv-survdb/han13b-PRRT
Han13b,IN,https://hivdb.stanford.edu/cpr/report/?load=hiv-survdb/han13b-IN
Han13c,PRRT,https://hivdb.stanford.edu/cpr/report/?load=hiv-survdb/han13c-PRRT
Han13c,IN,https://hivdb.stanford.edu/cpr/report/?load=hiv-survdb/han13c-IN
Han13d,PRRT,https://hivdb.stanford.edu/cpr/report/?load=hiv-survdb/han13d-PRRT
Handema02,PRRT,https://hivdb.stanford.edu/cpr/report/?load=hiv-survdb/handema02-PRRT
Hanke19,PRRT,https://hivdb.stanford.edu/cpr/report/?load=hiv-survdb/hanke19-PRRT
Hanke20,PRRT,https://hivdb.stanford.edu/cpr/report/?load=hiv-survdb/hanke20-PRRT
Hanna03,PRRT,https://hivdb.stanford.edu/cpr/report/?load=hiv-survdb/hanna03-PRRT
Hao17,PRRT,https://hivdb.stanford.edu/cpr/report/?load=hiv-survdb/hao17-PRRT
Harris03,PRRT,https://hivdb.stanford.edu/cpr/report/?load=hiv-survdb/harris03-PRRT
Harris03,IN,https://hivdb.stanford.edu/cpr/report/?load=hiv-survdb/harris03-IN
Harris05,PRRT,https://hivdb.stanford.edu/cpr/report/?load=hiv-survdb/harris05-PRRT
Harris05,IN,https://hivdb.stanford.edu/cpr/report/?load=hiv-survdb/harris05-IN
Hassan13,PRRT,https://hivdb.stanford.edu/cpr/report/?load=hiv-survdb/hassan13-PRRT
Hassan18,PRRT,https://hivdb.stanford.edu/cpr/report/?load=hiv-survdb/hassan18-PRRT
Hassan19,PRRT,https://hivdb.stanford.edu/cpr/report/?load=hiv-survdb/hassan19-PRRT
Hattori10,PRRT,https://hivdb.stanford.edu/cpr/report/?load=hiv-survdb/hattori10-PRRT
Hattori16,PRRT,https://hivdb.stanford.edu/cpr/report/?load=hiv-survdb/hattori16-PRRT
Hawke13,PRRT,https://hivdb.stanford.edu/cpr/report/?load=hiv-survdb/hawke13-PRRT
Hebberecht20,PRRT,https://hivdb.stanford.edu/cpr/report/?load=hiv-survdb/hebberecht20-PRRT
Hebberecht20,IN,https://hivdb.stanford.edu/cpr/report/?load=hiv-survdb/hebberecht20-IN
Heipertz13,PRRT,https://hivdb.stanford.edu/cpr/report/?load=hiv-survdb/heipertz13-PRRT
Heipertz16,PRRT,https://hivdb.stanford.edu/cpr/report/?load=hiv-survdb/heipertz16-PRRT
Heipertz16,IN,https://hivdb.stanford.edu/cpr/report/?load=hiv-survdb/heipertz16-IN
Hernandez-Sanchez18,PRRT,https://hivdb.stanford.edu/cpr/report/?load=hiv-survdb/hernandez-sanchez18-PRRT
Hernandez-Sanchez18,IN,https://hivdb.stanford.edu/cpr/report/?load=hiv-survdb/hernandez-sanchez18-IN
Hierholzer02,PRRT,https://hivdb.stanford.edu/cpr/report/?load=hiv-survdb/hierholzer02-PRRT
Hierholzer02,IN,https://hivdb.stanford.edu/cpr/report/?load=hiv-survdb/hierholzer02-IN
Hierholzer02b,PRRT,https://hivdb.stanford.edu/cpr/report/?load=hiv-survdb/hierholzer02b-PRRT
Hightower13,PRRT,https://hivdb.stanford.edu/cpr/report/?load=hiv-survdb/hightower13-PRRT
Hingankar12,PRRT,https://hivdb.stanford.edu/cpr/report/?load=hiv-survdb/hingankar12-PRRT
Hoelscher01,PRRT,https://hivdb.stanford.edu/cpr/report/?load=hiv-survdb/hoelscher01-PRRT
Hoelscher01,IN,https://hivdb.stanford.edu/cpr/report/?load=hiv-survdb/hoelscher01-IN
Hoenigl16,PRRT,https://hivdb.stanford.edu/cpr/report/?load=hiv-survdb/hoenigl16-PRRT
Holguin00,PRRT,https://hivdb.stanford.edu/cpr/report/?load=hiv-survdb/holguin00-PRRT
Holguin02,PRRT,https://hivdb.stanford.edu/cpr/report/?load=hiv-survdb/holguin02-PRRT
Holguin04,PRRT,https://hivdb.stanford.edu/cpr/report/?load=hiv-survdb/holguin04-PRRT
Holguin07,PRRT,https://hivdb.stanford.edu/cpr/report/?load=hiv-survdb/holguin07-PRRT
Holguin08,PRRT,https://hivdb.stanford.edu/cpr/report/?load=hiv-survdb/holguin08-PRRT
Holguin13,PRRT,https://hivdb.stanford.edu/cpr/report/?load=hiv-survdb/holguin13-PRRT
Holzmayer05,PRRT,https://hivdb.stanford.edu/cpr/report/?load=hiv-survdb/holzmayer05-PRRT
Holzmayer05,IN,https://hivdb.stanford.edu/cpr/report/?load=hiv-survdb/holzmayer05-IN
Hora15,PRRT,https://hivdb.stanford.edu/cpr/report/?load=hiv-survdb/hora15-PRRT
Hora15,IN,https://hivdb.stanford.edu/cpr/report/?load=hiv-survdb/hora15-IN
Hosaka16,PRRT,https://hivdb.stanford.edu/cpr/report/?load=hiv-survdb/hosaka16-PRRT
Hosaka16,IN,https://hivdb.stanford.edu/cpr/report/?load=hiv-survdb/hosaka16-IN
Howard96,PRRT,https://hivdb.stanford.edu/cpr/report/?load=hiv-survdb/howard96-PRRT
Howard96,IN,https://hivdb.stanford.edu/cpr/report/?load=hiv-survdb/howard96-IN
Hsi12,PRRT,https://hivdb.stanford.edu/cpr/report/?load=hiv-survdb/hsi12-PRRT
Hsi12,IN,https://hivdb.stanford.edu/cpr/report/?load=hiv-survdb/hsi12-IN
Huang03,PRRT,https://hivdb.stanford.edu/cpr/report/?load=hiv-survdb/huang03-PRRT
Huang06,PRRT,https://hivdb.stanford.edu/cpr/report/?load=hiv-survdb/huang06-PRRT
Huang06,IN,https://hivdb.stanford.edu/cpr/report/?load=hiv-survdb/huang06-IN
Huang09,PRRT,https://hivdb.stanford.edu/cpr/report/?load=hiv-survdb/huang09-PRRT
Huang09,IN,https://hivdb.stanford.edu/cpr/report/?load=hiv-survdb/huang09-IN
Huang09b,PRRT,https://hivdb.stanford.edu/cpr/report/?load=hiv-survdb/huang09b-PRRT
Huik19,PRRT,https://hivdb.stanford.edu/cpr/report/?load=hiv-survdb/huik19-PRRT
Hunt03,PRRT,https://hivdb.stanford.edu/cpr/report/?load=hiv-survdb/hunt03-PRRT
Hunt03,IN,https://hivdb.stanford.edu/cpr/report/?load=hiv-survdb/hunt03-IN
Hunt13,PRRT,https://hivdb.stanford.edu/cpr/report/?load=hiv-survdb/hunt13-PRRT
Hunt17,PRRT,https://hivdb.stanford.edu/cpr/report/?load=hiv-survdb/hunt17-PRRT
Huruy15,PRRT,https://hivdb.stanford.edu/cpr/report/?load=hiv-survdb/huruy15-PRRT
Huruy18,PRRT,https://hivdb.stanford.edu/cpr/report/?load=hiv-survdb/huruy18-PRRT
Iamarino12,IN,https://hivdb.stanford.edu/cpr/report/?load=hiv-survdb/iamarino12-IN
Ibe08,PRRT,https://hivdb.stanford.edu/cpr/report/?load=hiv-survdb/ibe08-PRRT
Ibe08b,PRRT,https://hivdb.stanford.edu/cpr/report/?load=hiv-survdb/ibe08b-PRRT
Ibe08b,IN,https://hivdb.stanford.edu/cpr/report/?load=hiv-survdb/ibe08b-IN
Imade13,PRRT,https://hivdb.stanford.edu/cpr/report/?load=hiv-survdb/imade13-PRRT
Inzaule18,IN,https://hivdb.stanford.edu/cpr/report/?load=hiv-survdb/inzaule18-IN
Iqbal09,PRRT,https://hivdb.stanford.edu/cpr/report/?load=hiv-survdb/iqbal09-PRRT
Irias19,PRRT,https://hivdb.stanford.edu/cpr/report/?load=hiv-survdb/irias19-PRRT
Isarangkura-Na-Ayuthaya10,IN,https://hivdb.stanford.edu/cpr/report/?load=hiv-survdb/isarangkura-na-ayuthaya10-IN
Ishizaki09,PRRT,https://hivdb.stanford.edu/cpr/report/?load=hiv-survdb/ishizaki09-PRRT
Iweriebor12,PRRT,https://hivdb.stanford.edu/cpr/report/?load=hiv-survdb/iweriebor12-PRRT
Jacobs08,PRRT,https://hivdb.stanford.edu/cpr/report/?load=hiv-survdb/jacobs08-PRRT
Jagdagsuren17,PRRT,https://hivdb.stanford.edu/cpr/report/?load=hiv-survdb/jagdagsuren17-PRRT
Jagdagsuren17,IN,https://hivdb.stanford.edu/cpr/report/?load=hiv-survdb/jagdagsuren17-IN
Jahanbakhsh12,PRRT,https://hivdb.stanford.edu/cpr/report/?load=hiv-survdb/jahanbakhsh12-PRRT
Jahanbakhsh12,IN,https://hivdb.stanford.edu/cpr/report/?load=hiv-survdb/jahanbakhsh12-IN
Jahanbakhsh13,PRRT,https://hivdb.stanford.edu/cpr/report/?load=hiv-survdb/jahanbakhsh13-PRRT
Jahanbakhsh13,IN,https://hivdb.stanford.edu/cpr/report/?load=hiv-survdb/jahanbakhsh13-IN
Jayaraman06,PRRT,https://hivdb.stanford.edu/cpr/report/?load=hiv-survdb/jayaraman06-PRRT
Jia19,PRRT,https://hivdb.stanford.edu/cpr/report/?load=hiv-survdb/jia19-PRRT
Jiamsakul15,PRRT,https://hivdb.stanford.edu/cpr/report/?load=hiv-survdb/jiamsakul15-PRRT
Joao20,PRRT,https://hivdb.stanford.edu/cpr/report/?load=hiv-survdb/joao20-PRRT
Joao20,IN,https://hivdb.stanford.edu/cpr/report/?load=hiv-survdb/joao20-IN
Jonassen00,PRRT,https://hivdb.stanford.edu/cpr/report/?load=hiv-survdb/jonassen00-PRRT
Jonassen00,IN,https://hivdb.stanford.edu/cpr/report/?load=hiv-survdb/jonassen00-IN
Jorgensen03,PRRT,https://hivdb.stanford.edu/cpr/report/?load=hiv-survdb/jorgensen03-PRRT
Junqueira20,PRRT,https://hivdb.stanford.edu/cpr/report/?load=hiv-survdb/junqueira20-PRRT
Junqueira20,IN,https://hivdb.stanford.edu/cpr/report/?load=hiv-survdb/junqueira20-IN
K'Aluoch05,PRRT,https://hivdb.stanford.edu/cpr/report/?load=hiv-survdb/kaluoch05-PRRT
Kamoto08,PRRT,https://hivdb.stanford.edu/cpr/report/?load=hiv-survdb/kamoto08-PRRT
Kandathil09,PRRT,https://hivdb.stanford.edu/cpr/report/?load=hiv-survdb/kandathil09-PRRT
Kannangai15,PRRT,https://hivdb.stanford.edu/cpr/report/?load=hiv-survdb/kannangai15-PRRT
Kao11,PRRT,https://hivdb.stanford.edu/cpr/report/?load=hiv-survdb/kao11-PRRT
Karade16,PRRT,https://hivdb.stanford.edu/cpr/report/?load=hiv-survdb/karade16-PRRT
Karade19,IN,https://hivdb.stanford.edu/cpr/report/?load=hiv-survdb/karade19-IN
Karamov18,PRRT,https://hivdb.stanford.edu/cpr/report/?load=hiv-survdb/karamov18-PRRT
Karim10,PRRT,https://hivdb.stanford.edu/cpr/report/?load=hiv-survdb/karim10-PRRT
Karlsson12,PRRT,https://hivdb.stanford.edu/cpr/report/?load=hiv-survdb/karlsson12-PRRT
Kasang11,PRRT,https://hivdb.stanford.edu/cpr/report/?load=hiv-survdb/kasang11-PRRT
Kassu07,PRRT,https://hivdb.stanford.edu/cpr/report/?load=hiv-survdb/kassu07-PRRT
Keita20,PRRT,https://hivdb.stanford.edu/cpr/report/?load=hiv-survdb/keita20-PRRT
Kemal13,PRRT,https://hivdb.stanford.edu/cpr/report/?load=hiv-survdb/kemal13-PRRT
Kiertiburanakul13,PRRT,https://hivdb.stanford.edu/cpr/report/?load=hiv-survdb/kiertiburanakul13-PRRT
Kiguoya17,PRRT,https://hivdb.stanford.edu/cpr/report/?load=hiv-survdb/kiguoya17-PRRT
Kijak01,PRRT,https://hivdb.stanford.edu/cpr/report/?load=hiv-survdb/kijak01-PRRT
Kijak04,PRRT,https://hivdb.stanford.edu/cpr/report/?load=hiv-survdb/kijak04-PRRT
Kijak04,IN,https://hivdb.stanford.edu/cpr/report/?load=hiv-survdb/kijak04-IN
Kijak13,PRRT,https://hivdb.stanford.edu/cpr/report/?load=hiv-survdb/kijak13-PRRT
Kijak13,IN,https://hivdb.stanford.edu/cpr/report/?load=hiv-survdb/kijak13-IN
Kim11,IN,https://hivdb.stanford.edu/cpr/report/?load=hiv-survdb/kim11-IN
Kinloch16,PRRT,https://hivdb.stanford.edu/cpr/report/?load=hiv-survdb/kinloch16-PRRT
Kinloch16,IN,https://hivdb.stanford.edu/cpr/report/?load=hiv-survdb/kinloch16-IN
Kinloch19,PRRT,https://hivdb.stanford.edu/cpr/report/?load=hiv-survdb/kinloch19-PRRT
Kinloch19,IN,https://hivdb.stanford.edu/cpr/report/?load=hiv-survdb/kinloch19-IN
Kinomoto05,PRRT,https://hivdb.stanford.edu/cpr/report/?load=hiv-survdb/kinomoto05-PRRT
Kiptoo13,PRRT,https://hivdb.stanford.edu/cpr/report/?load=hiv-survdb/kiptoo13-PRRT
Kirichenko20,IN,https://hivdb.stanford.edu/cpr/report/?load=hiv-survdb/kirichenko20-IN
Kiros20,PRRT,https://hivdb.stanford.edu/cpr/report/?load=hiv-survdb/kiros20-PRRT
Kityo16,PRRT,https://hivdb.stanford.edu/cpr/report/?load=hiv-survdb/kityo16-PRRT
Koch01,PRRT,https://hivdb.stanford.edu/cpr/report/?load=hiv-survdb/koch01-PRRT
Koizumi06,PRRT,https://hivdb.stanford.edu/cpr/report/?load=hiv-survdb/koizumi06-PRRT
Kojima08,PRRT,https://hivdb.stanford.edu/cpr/report/?load=hiv-survdb/kojima08-PRRT
Konings04,PRRT,https://hivdb.stanford.edu/cpr/report/?load=hiv-survdb/konings04-PRRT
Konings04b,PRRT,https://hivdb.stanford.edu/cpr/report/?load=hiv-survdb/konings04b-PRRT
Konou16,PRRT,https://hivdb.stanford.edu/cpr/report/?load=hiv-survdb/konou16-PRRT
Kostaki18,PRRT,https://hivdb.stanford.edu/cpr/report/?load=hiv-survdb/kostaki18-PRRT
Kostaki19,PRRT,https://hivdb.stanford.edu/cpr/report/?load=hiv-survdb/kostaki19-PRRT
Kotaki13,IN,https://hivdb.stanford.edu/cpr/report/?load=hiv-survdb/kotaki13-IN
Kotaki15,PRRT,https://hivdb.stanford.edu/cpr/report/?load=hiv-survdb/kotaki15-PRRT
Koulinska01,PRRT,https://hivdb.stanford.edu/cpr/report/?load=hiv-survdb/koulinska01-PRRT
Koulinska01,IN,https://hivdb.stanford.edu/cpr/report/?load=hiv-survdb/koulinska01-IN
Koulinska02,PRRT,https://hivdb.stanford.edu/cpr/report/?load=hiv-survdb/koulinska02-PRRT
Koulinska02,IN,https://hivdb.stanford.edu/cpr/report/?load=hiv-survdb/koulinska02-IN
Kouri15,PRRT,https://hivdb.stanford.edu/cpr/report/?load=hiv-survdb/kouri15-PRRT
Kousiappa09,PRRT,https://hivdb.stanford.edu/cpr/report/?load=hiv-survdb/kousiappa09-PRRT
Kroon18,PRRT,https://hivdb.stanford.edu/cpr/report/?load=hiv-survdb/kroon18-PRRT
Kumar14,PRRT,https://hivdb.stanford.edu/cpr/report/?load=hiv-survdb/kumar14-PRRT
Kusagawa15,PRRT,https://hivdb.stanford.edu/cpr/report/?load=hiv-survdb/kusagawa15-PRRT
Kusagawa15,IN,https://hivdb.stanford.edu/cpr/report/?load=hiv-survdb/kusagawa15-IN
Laeyendecker05,PRRT,https://hivdb.stanford.edu/cpr/report/?load=hiv-survdb/laeyendecker05-PRRT
Lahuerta08,PRRT,https://hivdb.stanford.edu/cpr/report/?load=hiv-survdb/lahuerta08-PRRT
Lall08,PRRT,https://hivdb.stanford.edu/cpr/report/?load=hiv-survdb/lall08-PRRT
Lama06,PRRT,https://hivdb.stanford.edu/cpr/report/?load=hiv-survdb/lama06-PRRT
Lan03,PRRT,https://hivdb.stanford.edu/cpr/report/?load=hiv-survdb/lan03-PRRT
Lan20,PRRT,https://hivdb.stanford.edu/cpr/report/?load=hiv-survdb/lan20-PRRT
Lan20,IN,https://hivdb.stanford.edu/cpr/report/?load=hiv-survdb/lan20-IN
Land08,PRRT,https://hivdb.stanford.edu/cpr/report/?load=hiv-survdb/land08-PRRT
Land08,IN,https://hivdb.stanford.edu/cpr/report/?load=hiv-survdb/land08-IN
Lataillade07,IN,https://hivdb.stanford.edu/cpr/report/?load=hiv-survdb/lataillade07-IN
Lau07,PRRT,https://hivdb.stanford.edu/cpr/report/?load=hiv-survdb/lau07-PRRT
Lau07,IN,https://hivdb.stanford.edu/cpr/report/?load=hiv-survdb/lau07-IN
Lavu17,PRRT,https://hivdb.stanford.edu/cpr/report/?load=hiv-survdb/lavu17-PRRT
Lawrence06,PRRT,https://hivdb.stanford.edu/cpr/report/?load=hiv-survdb/lawrence06-PRRT
Lazaro11,PRRT,https://hivdb.stanford.edu/cpr/report/?load=hiv-survdb/lazaro11-PRRT
Lebedev17,PRRT,https://hivdb.stanford.edu/cpr/report/?load=hiv-survdb/lebedev17-PRRT
Lee09,PRRT,https://hivdb.stanford.edu/cpr/report/?load=hiv-survdb/lee09-PRRT
Lee14,PRRT,https://hivdb.stanford.edu/cpr/report/?load=hiv-survdb/lee14-PRRT
Lee16,PRRT,https://hivdb.stanford.edu/cpr/report/?load=hiv-survdb/lee16-PRRT
Lee16,IN,https://hivdb.stanford.edu/cpr/report/?load=hiv-survdb/lee16-IN
Leoz11,PRRT,https://hivdb.stanford.edu/cpr/report/?load=hiv-survdb/leoz11-PRRT
Leoz11,IN,https://hivdb.stanford.edu/cpr/report/?load=hiv-survdb/leoz11-IN
Leoz13,PRRT,https://hivdb.stanford.edu/cpr/report/?load=hiv-survdb/leoz13-PRRT
Leoz13,IN,https://hivdb.stanford.edu/cpr/report/?load=hiv-survdb/leoz13-IN
Li05,PRRT,https://hivdb.stanford.edu/cpr/report/?load=hiv-survdb/li05-PRRT
Li07,PRRT,https://hivdb.stanford.edu/cpr/report/?load=hiv-survdb/li07-PRRT
Li07,IN,https://hivdb.stanford.edu/cpr/report/?load=hiv-survdb/li07-IN
Li10,PRRT,https://hivdb.stanford.edu/cpr/report/?load=hiv-survdb/li10-PRRT
Li10,IN,https://hivdb.stanford.edu/cpr/report/?load=hiv-survdb/li10-IN
Li11,PRRT,https://hivdb.stanford.edu/cpr/report/?load=hiv-survdb/li11-PRRT
Li11,IN,https://hivdb.stanford.edu/cpr/report/?load=hiv-survdb/li11-IN
Li13,PRRT,https://hivdb.stanford.edu/cpr/report/?load=hiv-survdb/li13-PRRT
Li13,IN,https://hivdb.stanford.edu/cpr/report/?load=hiv-survdb/li13-IN
Li13b,PRRT,https://hivdb.stanford.edu/cpr/report/?load=hiv-survdb/li13b-PRRT
Li13b,IN,https://hivdb.stanford.edu/cpr/report/?load=hiv-survdb/li13b-IN
Li13c,PRRT,https://hivdb.stanford.edu/cpr/report/?load=hiv-survdb/li13c-PRRT
Li13c,IN,https://hivdb.stanford.edu/cpr/report/?load=hiv-survdb/li13c-IN
Li13d,PRRT,https://hivdb.stanford.edu/cpr/report/?load=hiv-survdb/li13d-PRRT
Li13d,IN,https://hivdb.stanford.edu/cpr/report/?load=hiv-survdb/li13d-IN
Li14,PRRT,https://hivdb.stanford.edu/cpr/report/?load=hiv-survdb/li14-PRRT
Li14,IN,https://hivdb.stanford.edu/cpr/report/?load=hiv-survdb/li14-IN
Li15,PRRT,https://hivdb.stanford.edu/cpr/report/?load=hiv-survdb/li15-PRRT
Li15b,PRRT,https://hivdb.stanford.edu/cpr/report/?load=hiv-survdb/li15b-PRRT
Li15b,IN,https://hivdb.stanford.edu/cpr/report/?load=hiv-survdb/li15b-IN
Li15c,PRRT,https://hivdb.stanford.edu/cpr/report/?load=hiv-survdb/li15c-PRRT
Li16,PRRT,https://hivdb.stanford.edu/cpr/report/?load=hiv-survdb/li16-PRRT
Li16,IN,https://hivdb.stanford.edu/cpr/report/?load=hiv-survdb/li16-IN
Li16b,PRRT,https://hivdb.stanford.edu/cpr/report/?load=hiv-survdb/li16b-PRRT
Li16b,IN,https://hivdb.stanford.edu/cpr/report/?load=hiv-survdb/li16b-IN
Li18,PRRT,https://hivdb.stanford.edu/cpr/report/?load=hiv-survdb/li18-PRRT
Liang20,PRRT,https://hivdb.stanford.edu/cpr/report/?load=hiv-survdb/liang20-PRRT
Liao07,PRRT,https://hivdb.stanford.edu/cpr/report/?load=hiv-survdb/liao07-PRRT
Liao09,PRRT,https://hivdb.stanford.edu/cpr/report/?load=hiv-survdb/liao09-PRRT
Liao09,IN,https://hivdb.stanford.edu/cpr/report/?load=hiv-survdb/liao09-IN
Liegler14,PRRT,https://hivdb.stanford.edu/cpr/report/?load=hiv-survdb/liegler14-PRRT
Lihana09,PRRT,https://hivdb.stanford.edu/cpr/report/?load=hiv-survdb/lihana09-PRRT
Liitsola00,PRRT,https://hivdb.stanford.edu/cpr/report/?load=hiv-survdb/liitsola00-PRRT
Liitsola00,IN,https://hivdb.stanford.edu/cpr/report/?load=hiv-survdb/liitsola00-IN
Lima16,PRRT,https://hivdb.stanford.edu/cpr/report/?load=hiv-survdb/lima16-PRRT
Lin07,PRRT,https://hivdb.stanford.edu/cpr/report/?load=hiv-survdb/lin07-PRRT
Lin07,IN,https://hivdb.stanford.edu/cpr/report/?load=hiv-survdb/lin07-IN
Lin13,PRRT,https://hivdb.stanford.edu/cpr/report/?load=hiv-survdb/lin13-PRRT
Lin13,IN,https://hivdb.stanford.edu/cpr/report/?load=hiv-survdb/lin13-IN
Lindstrom06,PRRT,https://hivdb.stanford.edu/cpr/report/?load=hiv-survdb/lindstrom06-PRRT
Little02,PRRT,https://hivdb.stanford.edu/cpr/report/?load=hiv-survdb/little02-PRRT
Little14,PRRT,https://hivdb.stanford.edu/cpr/report/?load=hiv-survdb/little14-PRRT
Liu05,PRRT,https://hivdb.stanford.edu/cpr/report/?load=hiv-survdb/liu05-PRRT
Liu05,IN,https://hivdb.stanford.edu/cpr/report/?load=hiv-survdb/liu05-IN
Liu07,PRRT,https://hivdb.stanford.edu/cpr/report/?load=hiv-survdb/liu07-PRRT
Liu12,PRRT,https://hivdb.stanford.edu/cpr/report/?load=hiv-survdb/liu12-PRRT
Liu12,IN,https://hivdb.stanford.edu/cpr/report/?load=hiv-survdb/liu12-IN
Liu15,PRRT,https://hivdb.stanford.edu/cpr/report/?load=hiv-survdb/liu15-PRRT
Lloyd08,PRRT,https://hivdb.stanford.edu/cpr/report/?load=hiv-survdb/lloyd08-PRRT
Lole99,PRRT,https://hivdb.stanford.edu/cpr/report/?load=hiv-survdb/lole99-PRRT
Lole99,IN,https://hivdb.stanford.edu/cpr/report/?load=hiv-survdb/lole99-IN
Loubet14,PRRT,https://hivdb.stanford.edu/cpr/report/?load=hiv-survdb/loubet14-PRRT
Lu15,PRRT,https://hivdb.stanford.edu/cpr/report/?load=hiv-survdb/lu15-PRRT
Lu16,PRRT,https://hivdb.stanford.edu/cpr/report/?load=hiv-survdb/lu16-PRRT
Lu17,PRRT,https://hivdb.stanford.edu/cpr/report/?load=hiv-survdb/lu17-PRRT
Lu17,IN,https://hivdb.stanford.edu/cpr/report/?load=hiv-survdb/lu17-IN
Lu18,PRRT,https://hivdb.stanford.edu/cpr/report/?load=hiv-survdb/lu18-PRRT
Lu19,PRRT,https://hivdb.stanford.edu/cpr/report/?load=hiv-survdb/lu19-PRRT
Luk07,PRRT,https://hivdb.stanford.edu/cpr/report/?load=hiv-survdb/luk07-PRRT
Luk07,IN,https://hivdb.stanford.edu/cpr/report/?load=hiv-survdb/luk07-IN
Luk08,PRRT,https://hivdb.stanford.edu/cpr/report/?load=hiv-survdb/luk08-PRRT
Luk08,IN,https://hivdb.stanford.edu/cpr/report/?load=hiv-survdb/luk08-IN
Luk15,PRRT,https://hivdb.stanford.edu/cpr/report/?load=hiv-survdb/luk15-PRRT
Luk15,IN,https://hivdb.stanford.edu/cpr/report/?load=hiv-survdb/luk15-IN
Lunar13,PRRT,https://hivdb.stanford.edu/cpr/report/?load=hiv-survdb/lunar13-PRRT
Lunar15,PRRT,https://hivdb.stanford.edu/cpr/report/?load=hiv-survdb/lunar15-PRRT
Lunar18,PRRT,https://hivdb.stanford.edu/cpr/report/?load=hiv-survdb/lunar18-PRRT
Lunar19,PRRT,https://hivdb.stanford.edu/cpr/report/?load=hiv-survdb/lunar19-PRRT
Lunar20,PRRT,https://hivdb.stanford.edu/cpr/report/?load=hiv-survdb/lunar20-PRRT
Lunar20,IN,https://hivdb.stanford.edu/cpr/report/?load=hiv-survdb/lunar20-IN
Luu12,IN,https://hivdb.stanford.edu/cpr/report/?load=hiv-survdb/luu12-IN
Ly05,PRRT,https://hivdb.stanford.edu/cpr/report/?load=hiv-survdb/ly05-PRRT
Machado02,PRRT,https://hivdb.stanford.edu/cpr/report/?load=hiv-survdb/machado02-PRRT
Machado09,PRRT,https://hivdb.stanford.edu/cpr/report/?load=hiv-survdb/machado09-PRRT
Machado12,PRRT,https://hivdb.stanford.edu/cpr/report/?load=hiv-survdb/machado12-PRRT
Machado19,PRRT,https://hivdb.stanford.edu/cpr/report/?load=hiv-survdb/machado19-PRRT
Macharia16,PRRT,https://hivdb.stanford.edu/cpr/report/?load=hiv-survdb/macharia16-PRRT
Machnowska19,PRRT,https://hivdb.stanford.edu/cpr/report/?load=hiv-survdb/machnowska19-PRRT
Maljkovic03,PRRT,https://hivdb.stanford.edu/cpr/report/?load=hiv-survdb/maljkovic03-PRRT
Mamadou03,PRRT,https://hivdb.stanford.edu/cpr/report/?load=hiv-survdb/mamadou03-PRRT
Mamadou03,IN,https://hivdb.stanford.edu/cpr/report/?load=hiv-survdb/mamadou03-IN
Manasa11,PRRT,https://hivdb.stanford.edu/cpr/report/?load=hiv-survdb/manasa11-PRRT
Marechal06,PRRT,https://hivdb.stanford.edu/cpr/report/?load=hiv-survdb/marechal06-PRRT
Margot19,IN,https://hivdb.stanford.edu/cpr/report/?load=hiv-survdb/margot19-IN
Maruapula20,PRRT,https://hivdb.stanford.edu/cpr/report/?load=hiv-survdb/maruapula20-PRRT
Masharsky03,PRRT,https://hivdb.stanford.edu/cpr/report/?load=hiv-survdb/masharsky03-PRRT
Masharsky03,IN,https://hivdb.stanford.edu/cpr/report/?load=hiv-survdb/masharsky03-IN
Masimba13,PRRT,https://hivdb.stanford.edu/cpr/report/?load=hiv-survdb/masimba13-PRRT
Masoud20,IN,https://hivdb.stanford.edu/cpr/report/?load=hiv-survdb/masoud20-IN
Matthews08,PRRT,https://hivdb.stanford.edu/cpr/report/?load=hiv-survdb/matthews08-PRRT
Matthews08,IN,https://hivdb.stanford.edu/cpr/report/?load=hiv-survdb/matthews08-IN
Mazzuti20,PRRT,https://hivdb.stanford.edu/cpr/report/?load=hiv-survdb/mazzuti20-PRRT
Mbange18,PRRT,https://hivdb.stanford.edu/cpr/report/?load=hiv-survdb/mbange18-PRRT
Mbisa20,PRRT,https://hivdb.stanford.edu/cpr/report/?load=hiv-survdb/mbisa20-PRRT
Mbisa20,IN,https://hivdb.stanford.edu/cpr/report/?load=hiv-survdb/mbisa20-IN
McClutchan02,PRRT,https://hivdb.stanford.edu/cpr/report/?load=hiv-survdb/mcclutchan02-PRRT
McClutchan02,IN,https://hivdb.stanford.edu/cpr/report/?load=hiv-survdb/mcclutchan02-IN
McConnell08,PRRT,https://hivdb.stanford.edu/cpr/report/?load=hiv-survdb/mcconnell08-PRRT
McCutchan04,PRRT,https://hivdb.stanford.edu/cpr/report/?load=hiv-survdb/mccutchan04-PRRT
McCutchan04,IN,https://hivdb.stanford.edu/cpr/report/?load=hiv-survdb/mccutchan04-IN
McIntosh91,PRRT,https://hivdb.stanford.edu/cpr/report/?load=hiv-survdb/mcintosh91-PRRT
McIntosh91,IN,https://hivdb.stanford.edu/cpr/report/?load=hiv-survdb/mcintosh91-IN
McLaughlin04,PRRT,https://hivdb.stanford.edu/cpr/report/?load=hiv-survdb/mclaughlin04-PRRT
McLaughlin04,IN,https://hivdb.stanford.edu/cpr/report/?load=hiv-survdb/mclaughlin04-IN
McNulty07,PRRT,https://hivdb.stanford.edu/cpr/report/?load=hiv-survdb/mcnulty07-PRRT
Megasari19,PRRT,https://hivdb.stanford.edu/cpr/report/?load=hiv-survdb/megasari19-PRRT
Megede02,PRRT,https://hivdb.stanford.edu/cpr/report/?load=hiv-survdb/megede02-PRRT
Megede02,IN,https://hivdb.stanford.edu/cpr/report/?load=hiv-survdb/megede02-IN
Meixenberger14,PRRT,https://hivdb.stanford.edu/cpr/report/?load=hiv-survdb/meixenberger14-PRRT
Meixenberger17,IN,https://hivdb.stanford.edu/cpr/report/?load=hiv-survdb/meixenberger17-IN
Meloni04,PRRT,https://hivdb.stanford.edu/cpr/report/?load=hiv-survdb/meloni04-PRRT
Meloni04,IN,https://hivdb.stanford.edu/cpr/report/?load=hiv-survdb/meloni04-IN
Memarnejadian15,PRRT,https://hivdb.stanford.edu/cpr/report/?load=hiv-survdb/memarnejadian15-PRRT
Memarnejadian18,PRRT,https://hivdb.stanford.edu/cpr/report/?load=hiv-survdb/memarnejadian18-PRRT
Meng13,PRRT,https://hivdb.stanford.edu/cpr/report/?load=hiv-survdb/meng13-PRRT
Meng13,IN,https://hivdb.stanford.edu/cpr/report/?load=hiv-survdb/meng13-IN
Mezei11,PRRT,https://hivdb.stanford.edu/cpr/report/?load=hiv-survdb/mezei11-PRRT
Mikasi17,IN,https://hivdb.stanford.edu/cpr/report/?load=hiv-survdb/mikasi17-IN
Mikasi20,IN,https://hivdb.stanford.edu/cpr/report/?load=hiv-survdb/mikasi20-IN
Milne19,PRRT,https://hivdb.stanford.edu/cpr/report/?load=hiv-survdb/milne19-PRRT
Mintsa-Ndong09,PRRT,https://hivdb.stanford.edu/cpr/report/?load=hiv-survdb/mintsa-ndong09-PRRT
Miri11,PRRT,https://hivdb.stanford.edu/cpr/report/?load=hiv-survdb/miri11-PRRT
Misbah13,PRRT,https://hivdb.stanford.edu/cpr/report/?load=hiv-survdb/misbah13-PRRT
Miura08,PRRT,https://hivdb.stanford.edu/cpr/report/?load=hiv-survdb/miura08-PRRT
Miura08,IN,https://hivdb.stanford.edu/cpr/report/?load=hiv-survdb/miura08-IN
Mokili02,PRRT,https://hivdb.stanford.edu/cpr/report/?load=hiv-survdb/mokili02-PRRT
Mokili02,IN,https://hivdb.stanford.edu/cpr/report/?load=hiv-survdb/mokili02-IN
Monleau12,IN,https://hivdb.stanford.edu/cpr/report/?load=hiv-survdb/monleau12-IN
Montavon02,PRRT,https://hivdb.stanford.edu/cpr/report/?load=hiv-survdb/montavon02-PRRT
Montavon02,IN,https://hivdb.stanford.edu/cpr/report/?load=hiv-survdb/montavon02-IN
Montavon02b,PRRT,https://hivdb.stanford.edu/cpr/report/?load=hiv-survdb/montavon02b-PRRT
Montavon02b,IN,https://hivdb.stanford.edu/cpr/report/?load=hiv-survdb/montavon02b-IN
Montavon99,PRRT,https://hivdb.stanford.edu/cpr/report/?load=hiv-survdb/montavon99-PRRT
Montavon99,IN,https://hivdb.stanford.edu/cpr/report/?load=hiv-survdb/montavon99-IN
Mor19,IN,https://hivdb.stanford.edu/cpr/report/?load=hiv-survdb/mor19-IN
Mosha10,PRRT,https://hivdb.stanford.edu/cpr/report/?load=hiv-survdb/mosha10-PRRT
Moskaleychik15,PRRT,https://hivdb.stanford.edu/cpr/report/?load=hiv-survdb/moskaleychik15-PRRT
Moskaleychik15,IN,https://hivdb.stanford.edu/cpr/report/?load=hiv-survdb/moskaleychik15-IN
Moura15,PRRT,https://hivdb.stanford.edu/cpr/report/?load=hiv-survdb/moura15-PRRT
Moura15b,PRRT,https://hivdb.stanford.edu/cpr/report/?load=hiv-survdb/moura15b-PRRT
Msimanga15,PRRT,https://hivdb.stanford.edu/cpr/report/?load=hiv-survdb/msimanga15-PRRT
Mulu13,PRRT,https://hivdb.stanford.edu/cpr/report/?load=hiv-survdb/mulu13-PRRT
Mulu15,IN,https://hivdb.stanford.edu/cpr/report/?load=hiv-survdb/mulu15-IN
Murillo12,PRRT,https://hivdb.stanford.edu/cpr/report/?load=hiv-survdb/murillo12-PRRT
Musyoki12,PRRT,https://hivdb.stanford.edu/cpr/report/?load=hiv-survdb/musyoki12-PRRT
Nadai09,PRRT,https://hivdb.stanford.edu/cpr/report/?load=hiv-survdb/nadai09-PRRT
Nadai09,IN,https://hivdb.stanford.edu/cpr/report/?load=hiv-survdb/nadai09-IN
Nanfack17,PRRT,https://hivdb.stanford.edu/cpr/report/?load=hiv-survdb/nanfack17-PRRT
Nazziwa12,PRRT,https://hivdb.stanford.edu/cpr/report/?load=hiv-survdb/nazziwa12-PRRT
Ndase12,PRRT,https://hivdb.stanford.edu/cpr/report/?load=hiv-survdb/ndase12-PRRT
Ndembi08,PRRT,https://hivdb.stanford.edu/cpr/report/?load=hiv-survdb/ndembi08-PRRT
Ndembi08b,PRRT,https://hivdb.stanford.edu/cpr/report/?load=hiv-survdb/ndembi08b-PRRT
Ndembi11,PRRT,https://hivdb.stanford.edu/cpr/report/?load=hiv-survdb/ndembi11-PRRT
Ndongmo06,PRRT,https://hivdb.stanford.edu/cpr/report/?load=hiv-survdb/ndongmo06-PRRT
Nduva20,PRRT,https://hivdb.stanford.edu/cpr/report/?load=hiv-survdb/nduva20-PRRT
Neilson99,PRRT,https://hivdb.stanford.edu/cpr/report/?load=hiv-survdb/neilson99-PRRT
Neilson99,IN,https://hivdb.stanford.edu/cpr/report/?load=hiv-survdb/neilson99-IN
Neogi10,PRRT,https://hivdb.stanford.edu/cpr/report/?load=hiv-survdb/neogi10-PRRT
Neogi11,PRRT,https://hivdb.stanford.edu/cpr/report/?load=hiv-survdb/neogi11-PRRT
Neogi15,PRRT,https://hivdb.stanford.edu/cpr/report/?load=hiv-survdb/neogi15-PRRT
Nesakumar19,PRRT,https://hivdb.stanford.edu/cpr/report/?load=hiv-survdb/nesakumar19-PRRT
Ng11,PRRT,https://hivdb.stanford.edu/cpr/report/?load=hiv-survdb/ng11-PRRT
Ng11b,PRRT,https://hivdb.stanford.edu/cpr/report/?load=hiv-survdb/ng11b-PRRT
Ng11b,IN,https://hivdb.stanford.edu/cpr/report/?load=hiv-survdb/ng11b-IN
Ngo-Giang-Huong19,PRRT,https://hivdb.stanford.edu/cpr/report/?load=hiv-survdb/ngo-giang-huong19-PRRT
Nguyen08,PRRT,https://hivdb.stanford.edu/cpr/report/?load=hiv-survdb/nguyen08-PRRT
Niama09,PRRT,https://hivdb.stanford.edu/cpr/report/?load=hiv-survdb/niama09-PRRT
Niama09,IN,https://hivdb.stanford.edu/cpr/report/?load=hiv-survdb/niama09-IN
Niculescu14,PRRT,https://hivdb.stanford.edu/cpr/report/?load=hiv-survdb/niculescu14-PRRT
Njai06,PRRT,https://hivdb.stanford.edu/cpr/report/?load=hiv-survdb/njai06-PRRT
Njai06,IN,https://hivdb.stanford.edu/cpr/report/?load=hiv-survdb/njai06-IN
Njouom03,PRRT,https://hivdb.stanford.edu/cpr/report/?load=hiv-survdb/njouom03-PRRT
Nkengasong00,PRRT,https://hivdb.stanford.edu/cpr/report/?load=hiv-survdb/nkengasong00-PRRT
Nomura13,PRRT,https://hivdb.stanford.edu/cpr/report/?load=hiv-survdb/nomura13-PRRT
Nouhin09,PRRT,https://hivdb.stanford.edu/cpr/report/?load=hiv-survdb/nouhin09-PRRT
Nouhin11,IN,https://hivdb.stanford.edu/cpr/report/?load=hiv-survdb/nouhin11-IN
Novitsky02,PRRT,https://hivdb.stanford.edu/cpr/report/?load=hiv-survdb/novitsky02-PRRT
Novitsky02,IN,https://hivdb.stanford.edu/cpr/report/?load=hiv-survdb/novitsky02-IN
Novitsky15,PRRT,https://hivdb.stanford.edu/cpr/report/?load=hiv-survdb/novitsky15-PRRT
Novitsky15,IN,https://hivdb.stanford.edu/cpr/report/?load=hiv-survdb/novitsky15-IN
Novitsky99,PRRT,https://hivdb.stanford.edu/cpr/report/?load=hiv-survdb/novitsky99-PRRT
Novitsky99,IN,https://hivdb.stanford.edu/cpr/report/?load=hiv-survdb/novitsky99-IN
Novitsky99b,PRRT,https://hivdb.stanford.edu/cpr/report/?load=hiv-survdb/novitsky99b-PRRT
Novitsky99b,IN,https://hivdb.stanford.edu/cpr/report/?load=hiv-survdb/novitsky99b-IN
Ntemgwa08,PRRT,https://hivdb.stanford.edu/cpr/report/?load=hiv-survdb/ntemgwa08-PRRT
Ntemgwa08,IN,https://hivdb.stanford.edu/cpr/report/?load=hiv-survdb/ntemgwa08-IN
Nwobegahay11,PRRT,https://hivdb.stanford.edu/cpr/report/?load=hiv-survdb/nwobegahay11-PRRT
Nwobegahay11b,PRRT,https://hivdb.stanford.edu/cpr/report/?load=hiv-survdb/nwobegahay11b-PRRT
Nwobegahay12,PRRT,https://hivdb.stanford.edu/cpr/report/?load=hiv-survdb/nwobegahay12-PRRT
Nzeyimana10,PRRT,https://hivdb.stanford.edu/cpr/report/?load=hiv-survdb/nzeyimana10-PRRT
Oelrichs98,PRRT,https://hivdb.stanford.edu/cpr/report/?load=hiv-survdb/oelrichs98-PRRT
Oelrichs98,IN,https://hivdb.stanford.edu/cpr/report/?load=hiv-survdb/oelrichs98-IN
Oelrichs99,PRRT,https://hivdb.stanford.edu/cpr/report/?load=hiv-survdb/oelrichs99-PRRT
Oelrichs99,IN,https://hivdb.stanford.edu/cpr/report/?load=hiv-survdb/oelrichs99-IN
Oette06,PRRT,https://hivdb.stanford.edu/cpr/report/?load=hiv-survdb/oette06-PRRT
Ojesina06,PRRT,https://hivdb.stanford.edu/cpr/report/?load=hiv-survdb/ojesina06-PRRT
Ojwach18,PRRT,https://hivdb.stanford.edu/cpr/report/?load=hiv-survdb/ojwach18-PRRT
Ojwach18,IN,https://hivdb.stanford.edu/cpr/report/?load=hiv-survdb/ojwach18-IN
Oliveira12,IN,https://hivdb.stanford.edu/cpr/report/?load=hiv-survdb/oliveira12-IN
Ong13,PRRT,https://hivdb.stanford.edu/cpr/report/?load=hiv-survdb/ong13-PRRT
OnoriodeDigban19,PRRT,https://hivdb.stanford.edu/cpr/report/?load=hiv-survdb/onoriodedigban19-PRRT
OnoriodeDigban19,IN,https://hivdb.stanford.edu/cpr/report/?load=hiv-survdb/onoriodedigban19-IN
Onoro07,PRRT,https://hivdb.stanford.edu/cpr/report/?load=hiv-survdb/onoro07-PRRT
Onsongo16,PRRT,https://hivdb.stanford.edu/cpr/report/?load=hiv-survdb/onsongo16-PRRT
Onywera17,PRRT,https://hivdb.stanford.edu/cpr/report/?load=hiv-survdb/onywera17-PRRT
Oroz19,PRRT,https://hivdb.stanford.edu/cpr/report/?load=hiv-survdb/oroz19-PRRT
Oroz19,IN,https://hivdb.stanford.edu/cpr/report/?load=hiv-survdb/oroz19-IN
Otecko16,PRRT,https://hivdb.stanford.edu/cpr/report/?load=hiv-survdb/otecko16-PRRT
Palacios08,PRRT,https://hivdb.stanford.edu/cpr/report/?load=hiv-survdb/palacios08-PRRT
Palm15,PRRT,https://hivdb.stanford.edu/cpr/report/?load=hiv-survdb/palm15-PRRT
Palm15,IN,https://hivdb.stanford.edu/cpr/report/?load=hiv-survdb/palm15-IN
Palma07,PRRT,https://hivdb.stanford.edu/cpr/report/?load=hiv-survdb/palma07-PRRT
Pandey16,PRRT,https://hivdb.stanford.edu/cpr/report/?load=hiv-survdb/pandey16-PRRT
Pandey16,IN,https://hivdb.stanford.edu/cpr/report/?load=hiv-survdb/pandey16-IN
Pando06,PRRT,https://hivdb.stanford.edu/cpr/report/?load=hiv-survdb/pando06-PRRT
Pando06,IN,https://hivdb.stanford.edu/cpr/report/?load=hiv-survdb/pando06-IN
Pandrea01,PRRT,https://hivdb.stanford.edu/cpr/report/?load=hiv-survdb/pandrea01-PRRT
Pandrea02,PRRT,https://hivdb.stanford.edu/cpr/report/?load=hiv-survdb/pandrea02-PRRT
Panichsillapakit16,PRRT,https://hivdb.stanford.edu/cpr/report/?load=hiv-survdb/panichsillapakit16-PRRT
Paolucci14,IN,https://hivdb.stanford.edu/cpr/report/?load=hiv-survdb/paolucci14-IN
Papathanasopoulos02,PRRT,https://hivdb.stanford.edu/cpr/report/?load=hiv-survdb/papathanasopoulos02-PRRT
Papathanasopoulos02,IN,https://hivdb.stanford.edu/cpr/report/?load=hiv-survdb/papathanasopoulos02-IN
Papathanasopoulos03,PRRT,https://hivdb.stanford.edu/cpr/report/?load=hiv-survdb/papathanasopoulos03-PRRT
Papathanasopoulos03,IN,https://hivdb.stanford.edu/cpr/report/?load=hiv-survdb/papathanasopoulos03-IN
Papathanasopoulos10,PRRT,https://hivdb.stanford.edu/cpr/report/?load=hiv-survdb/papathanasopoulos10-PRRT
Papathanasopoulos10,IN,https://hivdb.stanford.edu/cpr/report/?load=hiv-survdb/papathanasopoulos10-IN
Paraschiv07,PRRT,https://hivdb.stanford.edu/cpr/report/?load=hiv-survdb/paraschiv07-PRRT
Paraschiv17,PRRT,https://hivdb.stanford.edu/cpr/report/?load=hiv-survdb/paraschiv17-PRRT
Paraskevis00,PRRT,https://hivdb.stanford.edu/cpr/report/?load=hiv-survdb/paraskevis00-PRRT
Paraskevis00,IN,https://hivdb.stanford.edu/cpr/report/?load=hiv-survdb/paraskevis00-IN
Paraskevis01,PRRT,https://hivdb.stanford.edu/cpr/report/?load=hiv-survdb/paraskevis01-PRRT
Paraskevis01,IN,https://hivdb.stanford.edu/cpr/report/?load=hiv-survdb/paraskevis01-IN
Paraskevis05,PRRT,https://hivdb.stanford.edu/cpr/report/?load=hiv-survdb/paraskevis05-PRRT
Parboosing11,PRRT,https://hivdb.stanford.edu/cpr/report/?load=hiv-survdb/parboosing11-PRRT
Parczewski14,PRRT,https://hivdb.stanford.edu/cpr/report/?load=hiv-survdb/parczewski14-PRRT
Parham11,PRRT,https://hivdb.stanford.edu/cpr/report/?load=hiv-survdb/parham11-PRRT
Pariente04,PRRT,https://hivdb.stanford.edu/cpr/report/?load=hiv-survdb/pariente04-PRRT
Park03,PRRT,https://hivdb.stanford.edu/cpr/report/?load=hiv-survdb/park03-PRRT
Parreira04,PRRT,https://hivdb.stanford.edu/cpr/report/?load=hiv-survdb/parreira04-PRRT
Parreira06,PRRT,https://hivdb.stanford.edu/cpr/report/?load=hiv-survdb/parreira06-PRRT
Passaes09,IN,https://hivdb.stanford.edu/cpr/report/?load=hiv-survdb/passaes09-IN
Patino-Galindo17,PRRT,https://hivdb.stanford.edu/cpr/report/?load=hiv-survdb/patino-galindo17-PRRT
Perez-Parra16,PRRT,https://hivdb.stanford.edu/cpr/report/?load=hiv-survdb/perez-parra16-PRRT
Perez-Parra17,PRRT,https://hivdb.stanford.edu/cpr/report/?load=hiv-survdb/perez-parra17-PRRT
Perno01,PRRT,https://hivdb.stanford.edu/cpr/report/?load=hiv-survdb/perno01-PRRT
Pessoa15,PRRT,https://hivdb.stanford.edu/cpr/report/?load=hiv-survdb/pessoa15-PRRT
Pessoa15,IN,https://hivdb.stanford.edu/cpr/report/?load=hiv-survdb/pessoa15-IN
Pessoa16,PRRT,https://hivdb.stanford.edu/cpr/report/?load=hiv-survdb/pessoa16-PRRT
Pessoa16,IN,https://hivdb.stanford.edu/cpr/report/?load=hiv-survdb/pessoa16-IN
Pessôa14,PRRT,https://hivdb.stanford.edu/cpr/report/?load=hiv-survdb/pessôa14-PRRT
Pessôa14,IN,https://hivdb.stanford.edu/cpr/report/?load=hiv-survdb/pessôa14-IN
Petch05,PRRT,https://hivdb.stanford.edu/cpr/report/?load=hiv-survdb/petch05-PRRT
Petroni06,PRRT,https://hivdb.stanford.edu/cpr/report/?load=hiv-survdb/petroni06-PRRT
Pham15,PRRT,https://hivdb.stanford.edu/cpr/report/?load=hiv-survdb/pham15-PRRT
Phan10,PRRT,https://hivdb.stanford.edu/cpr/report/?load=hiv-survdb/phan10-PRRT
Phung16,PRRT,https://hivdb.stanford.edu/cpr/report/?load=hiv-survdb/phung16-PRRT
Pieniazek04,PRRT,https://hivdb.stanford.edu/cpr/report/?load=hiv-survdb/pieniazek04-PRRT
Pieniazek98,PRRT,https://hivdb.stanford.edu/cpr/report/?load=hiv-survdb/pieniazek98-PRRT
Pillay02,PRRT,https://hivdb.stanford.edu/cpr/report/?load=hiv-survdb/pillay02-PRRT
Pillay08,PRRT,https://hivdb.stanford.edu/cpr/report/?load=hiv-survdb/pillay08-PRRT
Pires04,PRRT,https://hivdb.stanford.edu/cpr/report/?load=hiv-survdb/pires04-PRRT
Piyasirisilp00,PRRT,https://hivdb.stanford.edu/cpr/report/?load=hiv-survdb/piyasirisilp00-PRRT
Piyasirisilp00,IN,https://hivdb.stanford.edu/cpr/report/?load=hiv-survdb/piyasirisilp00-IN
Pollakis03,PRRT,https://hivdb.stanford.edu/cpr/report/?load=hiv-survdb/pollakis03-PRRT
Powell07,PRRT,https://hivdb.stanford.edu/cpr/report/?load=hiv-survdb/powell07-PRRT
Powell07,IN,https://hivdb.stanford.edu/cpr/report/?load=hiv-survdb/powell07-IN
Powell07b,PRRT,https://hivdb.stanford.edu/cpr/report/?load=hiv-survdb/powell07b-PRRT
Powell07b,IN,https://hivdb.stanford.edu/cpr/report/?load=hiv-survdb/powell07b-IN
Price11,PRRT,https://hivdb.stanford.edu/cpr/report/?load=hiv-survdb/price11-PRRT
Price11,IN,https://hivdb.stanford.edu/cpr/report/?load=hiv-survdb/price11-IN
Punzi05,PRRT,https://hivdb.stanford.edu/cpr/report/?load=hiv-survdb/punzi05-PRRT
Qi13,PRRT,https://hivdb.stanford.edu/cpr/report/?load=hiv-survdb/qi13-PRRT
Qiu05,PRRT,https://hivdb.stanford.edu/cpr/report/?load=hiv-survdb/qiu05-PRRT
Qiu05,IN,https://hivdb.stanford.edu/cpr/report/?load=hiv-survdb/qiu05-IN
Ragonnet-Cronin10,PRRT,https://hivdb.stanford.edu/cpr/report/?load=hiv-survdb/ragonnet-cronin10-PRRT
Ragonnet-Cronin12,PRRT,https://hivdb.stanford.edu/cpr/report/?load=hiv-survdb/ragonnet-cronin12-PRRT
Ragonnet-Cronin12b,PRRT,https://hivdb.stanford.edu/cpr/report/?load=hiv-survdb/ragonnet-cronin12b-PRRT
Ragonnet-Cronin18,PRRT,https://hivdb.stanford.edu/cpr/report/?load=hiv-survdb/ragonnet-cronin18-PRRT
Ramos03,PRRT,https://hivdb.stanford.edu/cpr/report/?load=hiv-survdb/ramos03-PRRT
Ramos03,IN,https://hivdb.stanford.edu/cpr/report/?load=hiv-survdb/ramos03-IN
Rasmussen18,PRRT,https://hivdb.stanford.edu/cpr/report/?load=hiv-survdb/rasmussen18-PRRT
Ravuri06,PRRT,https://hivdb.stanford.edu/cpr/report/?load=hiv-survdb/ravuri06-PRRT
Razafindratsimandresy06,PRRT,https://hivdb.stanford.edu/cpr/report/?load=hiv-survdb/razafindratsimandresy06-PRRT
Razafindratsimandresy07,PRRT,https://hivdb.stanford.edu/cpr/report/?load=hiv-survdb/razafindratsimandresy07-PRRT
Reigadas13,IN,https://hivdb.stanford.edu/cpr/report/?load=hiv-survdb/reigadas13-IN
Reinke01,IN,https://hivdb.stanford.edu/cpr/report/?load=hiv-survdb/reinke01-IN
Reis19,PRRT,https://hivdb.stanford.edu/cpr/report/?load=hiv-survdb/reis19-PRRT
Reis19,IN,https://hivdb.stanford.edu/cpr/report/?load=hiv-survdb/reis19-IN
Reynolds16,PRRT,https://hivdb.stanford.edu/cpr/report/?load=hiv-survdb/reynolds16-PRRT
Rhee15,PRRT,https://hivdb.stanford.edu/cpr/report/?load=hiv-survdb/rhee15-PRRT
Rhee19,PRRT,https://hivdb.stanford.edu/cpr/report/?load=hiv-survdb/rhee19-PRRT
Rhee19,IN,https://hivdb.stanford.edu/cpr/report/?load=hiv-survdb/rhee19-IN
Roberts15,PRRT,https://hivdb.stanford.edu/cpr/report/?load=hiv-survdb/roberts15-PRRT
Rodgers17,PRRT,https://hivdb.stanford.edu/cpr/report/?load=hiv-survdb/rodgers17-PRRT
Rodgers17,IN,https://hivdb.stanford.edu/cpr/report/?load=hiv-survdb/rodgers17-IN
Rodgers20,IN,https://hivdb.stanford.edu/cpr/report/?load=hiv-survdb/rodgers20-IN
Rodrigues06,PRRT,https://hivdb.stanford.edu/cpr/report/?load=hiv-survdb/rodrigues06-PRRT
Rodriguez06b,PRRT,https://hivdb.stanford.edu/cpr/report/?load=hiv-survdb/rodriguez06b-PRRT
Rodriguez06b,IN,https://hivdb.stanford.edu/cpr/report/?load=hiv-survdb/rodriguez06b-IN
Rolland11,PRRT,https://hivdb.stanford.edu/cpr/report/?load=hiv-survdb/rolland11-PRRT
Rolland11,IN,https://hivdb.stanford.edu/cpr/report/?load=hiv-survdb/rolland11-IN
Rolland12,PRRT,https://hivdb.stanford.edu/cpr/report/?load=hiv-survdb/rolland12-PRRT
Rolland12,IN,https://hivdb.stanford.edu/cpr/report/?load=hiv-survdb/rolland12-IN
Romano00,PRRT,https://hivdb.stanford.edu/cpr/report/?load=hiv-survdb/romano00-PRRT
Ross14,PRRT,https://hivdb.stanford.edu/cpr/report/?load=hiv-survdb/ross14-PRRT
Roudinskii04,PRRT,https://hivdb.stanford.edu/cpr/report/?load=hiv-survdb/roudinskii04-PRRT
Rousseau06,PRRT,https://hivdb.stanford.edu/cpr/report/?load=hiv-survdb/rousseau06-PRRT
Rousseau06,IN,https://hivdb.stanford.edu/cpr/report/?load=hiv-survdb/rousseau06-IN
Rudovick18,PRRT,https://hivdb.stanford.edu/cpr/report/?load=hiv-survdb/rudovick18-PRRT
Rutvisuttinunt12,PRRT,https://hivdb.stanford.edu/cpr/report/?load=hiv-survdb/rutvisuttinunt12-PRRT
Rutvisuttinunt12,IN,https://hivdb.stanford.edu/cpr/report/?load=hiv-survdb/rutvisuttinunt12-IN
Sa-Filho07,PRRT,https://hivdb.stanford.edu/cpr/report/?load=hiv-survdb/sa-filho07-PRRT
Sa-Filho07,IN,https://hivdb.stanford.edu/cpr/report/?load=hiv-survdb/sa-filho07-IN
Saad05,PRRT,https://hivdb.stanford.edu/cpr/report/?load=hiv-survdb/saad05-PRRT
Saad05,IN,https://hivdb.stanford.edu/cpr/report/?load=hiv-survdb/saad05-IN
Saad06,PRRT,https://hivdb.stanford.edu/cpr/report/?load=hiv-survdb/saad06-PRRT
Saad06,IN,https://hivdb.stanford.edu/cpr/report/?load=hiv-survdb/saad06-IN
Saad06b,PRRT,https://hivdb.stanford.edu/cpr/report/?load=hiv-survdb/saad06b-PRRT
Sachithanandham16,IN,https://hivdb.stanford.edu/cpr/report/?load=hiv-survdb/sachithanandham16-IN
Sacks-Davis20,PRRT,https://hivdb.stanford.edu/cpr/report/?load=hiv-survdb/sacks-davis20-PRRT
Saeng-Aroon16,PRRT,https://hivdb.stanford.edu/cpr/report/?load=hiv-survdb/saeng-aroon16-PRRT
Sagoe07,PRRT,https://hivdb.stanford.edu/cpr/report/?load=hiv-survdb/sagoe07-PRRT
Sagoe12,PRRT,https://hivdb.stanford.edu/cpr/report/?load=hiv-survdb/sagoe12-PRRT
Sagoe16,PRRT,https://hivdb.stanford.edu/cpr/report/?load=hiv-survdb/sagoe16-PRRT
Sahbandar09,PRRT,https://hivdb.stanford.edu/cpr/report/?load=hiv-survdb/sahbandar09-PRRT
Salminen96,PRRT,https://hivdb.stanford.edu/cpr/report/?load=hiv-survdb/salminen96-PRRT
Salminen96,IN,https://hivdb.stanford.edu/cpr/report/?load=hiv-survdb/salminen96-IN
Salvana14,PRRT,https://hivdb.stanford.edu/cpr/report/?load=hiv-survdb/salvana14-PRRT
Sanabani11,PRRT,https://hivdb.stanford.edu/cpr/report/?load=hiv-survdb/sanabani11-PRRT
Sanabani11,IN,https://hivdb.stanford.edu/cpr/report/?load=hiv-survdb/sanabani11-IN
Sanders-Buell07,PRRT,https://hivdb.stanford.edu/cpr/report/?load=hiv-survdb/sanders-buell07-PRRT
Sanders-Buell07,IN,https://hivdb.stanford.edu/cpr/report/?load=hiv-survdb/sanders-buell07-IN
Sanders-Buell10,PRRT,https://hivdb.stanford.edu/cpr/report/?load=hiv-survdb/sanders-buell10-PRRT
Sanders-Buell10,IN,https://hivdb.stanford.edu/cpr/report/?load=hiv-survdb/sanders-buell10-IN
Sandstrom05,PRRT,https://hivdb.stanford.edu/cpr/report/?load=hiv-survdb/sandstrom05-PRRT
Santos11,PRRT,https://hivdb.stanford.edu/cpr/report/?load=hiv-survdb/santos11-PRRT
Seatla19,IN,https://hivdb.stanford.edu/cpr/report/?load=hiv-survdb/seatla19-IN
Sebastião19,PRRT,https://hivdb.stanford.edu/cpr/report/?load=hiv-survdb/sebastião19-PRRT
Selimova10,PRRT,https://hivdb.stanford.edu/cpr/report/?load=hiv-survdb/selimova10-PRRT
Seoighe07,PRRT,https://hivdb.stanford.edu/cpr/report/?load=hiv-survdb/seoighe07-PRRT
Serrano12,PRRT,https://hivdb.stanford.edu/cpr/report/?load=hiv-survdb/serrano12-PRRT
Servais01,PRRT,https://hivdb.stanford.edu/cpr/report/?load=hiv-survdb/servais01-PRRT
Servais04,PRRT,https://hivdb.stanford.edu/cpr/report/?load=hiv-survdb/servais04-PRRT
Shafer03,PRRT,https://hivdb.stanford.edu/cpr/report/?load=hiv-survdb/shafer03-PRRT
Shafer97,PRRT,https://hivdb.stanford.edu/cpr/report/?load=hiv-survdb/shafer97-PRRT
Shafer99,PRRT,https://hivdb.stanford.edu/cpr/report/?load=hiv-survdb/shafer99-PRRT
Shahid11,PRRT,https://hivdb.stanford.edu/cpr/report/?load=hiv-survdb/shahid11-PRRT
Shi04,PRRT,https://hivdb.stanford.edu/cpr/report/?load=hiv-survdb/shi04-PRRT
Shi04,IN,https://hivdb.stanford.edu/cpr/report/?load=hiv-survdb/shi04-IN
Sigaloff12,PRRT,https://hivdb.stanford.edu/cpr/report/?load=hiv-survdb/sigaloff12-PRRT
Silva16,PRRT,https://hivdb.stanford.edu/cpr/report/?load=hiv-survdb/silva16-PRRT
Silva20,PRRT,https://hivdb.stanford.edu/cpr/report/?load=hiv-survdb/silva20-PRRT
Simon02,PRRT,https://hivdb.stanford.edu/cpr/report/?load=hiv-survdb/simon02-PRRT
Simonetti14,PRRT,https://hivdb.stanford.edu/cpr/report/?load=hiv-survdb/simonetti14-PRRT
Simonetti14,IN,https://hivdb.stanford.edu/cpr/report/?load=hiv-survdb/simonetti14-IN
Sinha12,PRRT,https://hivdb.stanford.edu/cpr/report/?load=hiv-survdb/sinha12-PRRT
Sirivichayakul01,PRRT,https://hivdb.stanford.edu/cpr/report/?load=hiv-survdb/sirivichayakul01-PRRT
Sirivichayakul08,PRRT,https://hivdb.stanford.edu/cpr/report/?load=hiv-survdb/sirivichayakul08-PRRT
Sivay20,PRRT,https://hivdb.stanford.edu/cpr/report/?load=hiv-survdb/sivay20-PRRT
Sivay20b,PRRT,https://hivdb.stanford.edu/cpr/report/?load=hiv-survdb/sivay20b-PRRT
Smith09,PRRT,https://hivdb.stanford.edu/cpr/report/?load=hiv-survdb/smith09-PRRT
Smolen-Dzirba12,PRRT,https://hivdb.stanford.edu/cpr/report/?load=hiv-survdb/smolen-dzirba12-PRRT
Smolen-Dzirba17,PRRT,https://hivdb.stanford.edu/cpr/report/?load=hiv-survdb/smolen-dzirba17-PRRT
Soares03,PRRT,https://hivdb.stanford.edu/cpr/report/?load=hiv-survdb/soares03-PRRT
Soares10,PRRT,https://hivdb.stanford.edu/cpr/report/?load=hiv-survdb/soares10-PRRT
Soheilli09,PRRT,https://hivdb.stanford.edu/cpr/report/?load=hiv-survdb/soheilli09-PRRT
Somda12,PRRT,https://hivdb.stanford.edu/cpr/report/?load=hiv-survdb/somda12-PRRT
Somi08,PRRT,https://hivdb.stanford.edu/cpr/report/?load=hiv-survdb/somi08-PRRT
Song16,PRRT,https://hivdb.stanford.edu/cpr/report/?load=hiv-survdb/song16-PRRT
Song16,IN,https://hivdb.stanford.edu/cpr/report/?load=hiv-survdb/song16-IN
Song20,PRRT,https://hivdb.stanford.edu/cpr/report/?load=hiv-survdb/song20-PRRT
Song20,IN,https://hivdb.stanford.edu/cpr/report/?load=hiv-survdb/song20-IN
Soria12,PRRT,https://hivdb.stanford.edu/cpr/report/?load=hiv-survdb/soria12-PRRT
Soria19,PRRT,https://hivdb.stanford.edu/cpr/report/?load=hiv-survdb/soria19-PRRT
Soto-Ramirez96,PRRT,https://hivdb.stanford.edu/cpr/report/?load=hiv-survdb/soto-ramirez96-PRRT
Soundararajan07,PRRT,https://hivdb.stanford.edu/cpr/report/?load=hiv-survdb/soundararajan07-PRRT
Ssemwanga12,PRRT,https://hivdb.stanford.edu/cpr/report/?load=hiv-survdb/ssemwanga12-PRRT
Ssemwanga12b,PRRT,https://hivdb.stanford.edu/cpr/report/?load=hiv-survdb/ssemwanga12b-PRRT
Stanojevic13,PRRT,https://hivdb.stanford.edu/cpr/report/?load=hiv-survdb/stanojevic13-PRRT
Steegen16,PRRT,https://hivdb.stanford.edu/cpr/report/?load=hiv-survdb/steegen16-PRRT
Stekler14,IN,https://hivdb.stanford.edu/cpr/report/?load=hiv-survdb/stekler14-IN
Struck07,PRRT,https://hivdb.stanford.edu/cpr/report/?load=hiv-survdb/struck07-PRRT
Struck07,IN,https://hivdb.stanford.edu/cpr/report/?load=hiv-survdb/struck07-IN
Struck15,PRRT,https://hivdb.stanford.edu/cpr/report/?load=hiv-survdb/struck15-PRRT
Su03,PRRT,https://hivdb.stanford.edu/cpr/report/?load=hiv-survdb/su03-PRRT
Su03,IN,https://hivdb.stanford.edu/cpr/report/?load=hiv-survdb/su03-IN
Su11,PRRT,https://hivdb.stanford.edu/cpr/report/?load=hiv-survdb/su11-PRRT
Su16,PRRT,https://hivdb.stanford.edu/cpr/report/?load=hiv-survdb/su16-PRRT
Su16,IN,https://hivdb.stanford.edu/cpr/report/?load=hiv-survdb/su16-IN
Sucupira07,PRRT,https://hivdb.stanford.edu/cpr/report/?load=hiv-survdb/sucupira07-PRRT
Sun19,PRRT,https://hivdb.stanford.edu/cpr/report/?load=hiv-survdb/sun19-PRRT
Sun19,IN,https://hivdb.stanford.edu/cpr/report/?load=hiv-survdb/sun19-IN
Swanson03,PRRT,https://hivdb.stanford.edu/cpr/report/?load=hiv-survdb/swanson03-PRRT
Swanson03,IN,https://hivdb.stanford.edu/cpr/report/?load=hiv-survdb/swanson03-IN
Tamalet18,PRRT,https://hivdb.stanford.edu/cpr/report/?load=hiv-survdb/tamalet18-PRRT
Tamalet18b,PRRT,https://hivdb.stanford.edu/cpr/report/?load=hiv-survdb/tamalet18b-PRRT
Tamalet18b,IN,https://hivdb.stanford.edu/cpr/report/?load=hiv-survdb/tamalet18b-IN
Tanaka19,PRRT,https://hivdb.stanford.edu/cpr/report/?load=hiv-survdb/tanaka19-PRRT
Tanuma13,PRRT,https://hivdb.stanford.edu/cpr/report/?load=hiv-survdb/tanuma13-PRRT
Tanuri99,PRRT,https://hivdb.stanford.edu/cpr/report/?load=hiv-survdb/tanuri99-PRRT
Tatsumi06,PRRT,https://hivdb.stanford.edu/cpr/report/?load=hiv-survdb/tatsumi06-PRRT
Tatsumi06,IN,https://hivdb.stanford.edu/cpr/report/?load=hiv-survdb/tatsumi06-IN
Tchiakpe20,PRRT,https://hivdb.stanford.edu/cpr/report/?load=hiv-survdb/tchiakpe20-PRRT
Tchouwa18,PRRT,https://hivdb.stanford.edu/cpr/report/?load=hiv-survdb/tchouwa18-PRRT
Tebit02,PRRT,https://hivdb.stanford.edu/cpr/report/?load=hiv-survdb/tebit02-PRRT
Tebit02,IN,https://hivdb.stanford.edu/cpr/report/?load=hiv-survdb/tebit02-IN
Tebit06,PRRT,https://hivdb.stanford.edu/cpr/report/?load=hiv-survdb/tebit06-PRRT
Tebit09,PRRT,https://hivdb.stanford.edu/cpr/report/?load=hiv-survdb/tebit09-PRRT
Tee05,PRRT,https://hivdb.stanford.edu/cpr/report/?load=hiv-survdb/tee05-PRRT
Tee05b,PRRT,https://hivdb.stanford.edu/cpr/report/?load=hiv-survdb/tee05b-PRRT
Tee06,PRRT,https://hivdb.stanford.edu/cpr/report/?load=hiv-survdb/tee06-PRRT
Tee06,IN,https://hivdb.stanford.edu/cpr/report/?load=hiv-survdb/tee06-IN
Tee09,PRRT,https://hivdb.stanford.edu/cpr/report/?load=hiv-survdb/tee09-PRRT
Tee17,PRRT,https://hivdb.stanford.edu/cpr/report/?load=hiv-survdb/tee17-PRRT
Tee17,IN,https://hivdb.stanford.edu/cpr/report/?load=hiv-survdb/tee17-IN
Teixeira06,PRRT,https://hivdb.stanford.edu/cpr/report/?load=hiv-survdb/teixeira06-PRRT
Telan11,PRRT,https://hivdb.stanford.edu/cpr/report/?load=hiv-survdb/telan11-PRRT
Telan12,PRRT,https://hivdb.stanford.edu/cpr/report/?load=hiv-survdb/telan12-PRRT
Telele18,PRRT,https://hivdb.stanford.edu/cpr/report/?load=hiv-survdb/telele18-PRRT
Temereanca12,PRRT,https://hivdb.stanford.edu/cpr/report/?load=hiv-survdb/temereanca12-PRRT
Temereanca17,PRRT,https://hivdb.stanford.edu/cpr/report/?load=hiv-survdb/temereanca17-PRRT
Thao12,PRRT,https://hivdb.stanford.edu/cpr/report/?load=hiv-survdb/thao12-PRRT
Thomson02,PRRT,https://hivdb.stanford.edu/cpr/report/?load=hiv-survdb/thomson02-PRRT
Thomson02,IN,https://hivdb.stanford.edu/cpr/report/?load=hiv-survdb/thomson02-IN
Thomson05,PRRT,https://hivdb.stanford.edu/cpr/report/?load=hiv-survdb/thomson05-PRRT
Thomson05,IN,https://hivdb.stanford.edu/cpr/report/?load=hiv-survdb/thomson05-IN
Thorat11,PRRT,https://hivdb.stanford.edu/cpr/report/?load=hiv-survdb/thorat11-PRRT
Tongo15,PRRT,https://hivdb.stanford.edu/cpr/report/?load=hiv-survdb/tongo15-PRRT
Tongo15,IN,https://hivdb.stanford.edu/cpr/report/?load=hiv-survdb/tongo15-IN
Toni02,PRRT,https://hivdb.stanford.edu/cpr/report/?load=hiv-survdb/toni02-PRRT
Toni03,PRRT,https://hivdb.stanford.edu/cpr/report/?load=hiv-survdb/toni03-PRRT
Toni05,PRRT,https://hivdb.stanford.edu/cpr/report/?load=hiv-survdb/toni05-PRRT
Toni05,IN,https://hivdb.stanford.edu/cpr/report/?load=hiv-survdb/toni05-IN
Toni07,PRRT,https://hivdb.stanford.edu/cpr/report/?load=hiv-survdb/toni07-PRRT
Totmenin19,IN,https://hivdb.stanford.edu/cpr/report/?load=hiv-survdb/totmenin19-IN
Totmenin19b,IN,https://hivdb.stanford.edu/cpr/report/?load=hiv-survdb/totmenin19b-IN
Tovanabutra01,PRRT,https://hivdb.stanford.edu/cpr/report/?load=hiv-survdb/tovanabutra01-PRRT
Tovanabutra01,IN,https://hivdb.stanford.edu/cpr/report/?load=hiv-survdb/tovanabutra01-IN
Tovanabutra03,PRRT,https://hivdb.stanford.edu/cpr/report/?load=hiv-survdb/tovanabutra03-PRRT
Tovanabutra03,IN,https://hivdb.stanford.edu/cpr/report/?load=hiv-survdb/tovanabutra03-IN
Tovanabutra04,PRRT,https://hivdb.stanford.edu/cpr/report/?load=hiv-survdb/tovanabutra04-PRRT
Tovanabutra04,IN,https://hivdb.stanford.edu/cpr/report/?load=hiv-survdb/tovanabutra04-IN
Tovanabutra05,PRRT,https://hivdb.stanford.edu/cpr/report/?load=hiv-survdb/tovanabutra05-PRRT
Tovanabutra05,IN,https://hivdb.stanford.edu/cpr/report/?load=hiv-survdb/tovanabutra05-IN
Tovanabutra07,PRRT,https://hivdb.stanford.edu/cpr/report/?load=hiv-survdb/tovanabutra07-PRRT
Tovanabutra07,IN,https://hivdb.stanford.edu/cpr/report/?load=hiv-survdb/tovanabutra07-IN
Tovanabutra10,PRRT,https://hivdb.stanford.edu/cpr/report/?load=hiv-survdb/tovanabutra10-PRRT
Tovanabutra10,IN,https://hivdb.stanford.edu/cpr/report/?load=hiv-survdb/tovanabutra10-IN
Tramuto13,PRRT,https://hivdb.stanford.edu/cpr/report/?load=hiv-survdb/tramuto13-PRRT
Tran12,PRRT,https://hivdb.stanford.edu/cpr/report/?load=hiv-survdb/tran12-PRRT
Trinh12,PRRT,https://hivdb.stanford.edu/cpr/report/?load=hiv-survdb/trinh12-PRRT
Triques00,PRRT,https://hivdb.stanford.edu/cpr/report/?load=hiv-survdb/triques00-PRRT
Triques00,IN,https://hivdb.stanford.edu/cpr/report/?load=hiv-survdb/triques00-IN
Truong06,PRRT,https://hivdb.stanford.edu/cpr/report/?load=hiv-survdb/truong06-PRRT
Truong11,PRRT,https://hivdb.stanford.edu/cpr/report/?load=hiv-survdb/truong11-PRRT
Tscherning-Casper00,PRRT,https://hivdb.stanford.edu/cpr/report/?load=hiv-survdb/tscherning-casper00-PRRT
Tshabalala11,PRRT,https://hivdb.stanford.edu/cpr/report/?load=hiv-survdb/tshabalala11-PRRT
Tsuiji06,PRRT,https://hivdb.stanford.edu/cpr/report/?load=hiv-survdb/tsuiji06-PRRT
Tu09,PRRT,https://hivdb.stanford.edu/cpr/report/?load=hiv-survdb/tu09-PRRT
Tully16,PRRT,https://hivdb.stanford.edu/cpr/report/?load=hiv-survdb/tully16-PRRT
Tully16,IN,https://hivdb.stanford.edu/cpr/report/?load=hiv-survdb/tully16-IN
Tymchuk10,PRRT,https://hivdb.stanford.edu/cpr/report/?load=hiv-survdb/tymchuk10-PRRT
Tzitzivacos09,PRRT,https://hivdb.stanford.edu/cpr/report/?load=hiv-survdb/tzitzivacos09-PRRT
Tzitzivacos09,IN,https://hivdb.stanford.edu/cpr/report/?load=hiv-survdb/tzitzivacos09-IN
Ugbena12,PRRT,https://hivdb.stanford.edu/cpr/report/?load=hiv-survdb/ugbena12-PRRT
Vahabpour17,PRRT,https://hivdb.stanford.edu/cpr/report/?load=hiv-survdb/vahabpour17-PRRT
Valle-Bahena06,PRRT,https://hivdb.stanford.edu/cpr/report/?load=hiv-survdb/valle-bahena06-PRRT
VanLaethem08,IN,https://hivdb.stanford.edu/cpr/report/?load=hiv-survdb/vanlaethem08-IN
VanTran16,PRRT,https://hivdb.stanford.edu/cpr/report/?load=hiv-survdb/vantran16-PRRT
VanTran16,IN,https://hivdb.stanford.edu/cpr/report/?load=hiv-survdb/vantran16-IN
Varella07,PRRT,https://hivdb.stanford.edu/cpr/report/?load=hiv-survdb/varella07-PRRT
Varghese10,IN,https://hivdb.stanford.edu/cpr/report/?load=hiv-survdb/varghese10-IN
Vaughan03,PRRT,https://hivdb.stanford.edu/cpr/report/?load=hiv-survdb/vaughan03-PRRT
Vaz12,PRRT,https://hivdb.stanford.edu/cpr/report/?load=hiv-survdb/vaz12-PRRT
Vercauteren08,PRRT,https://hivdb.stanford.edu/cpr/report/?load=hiv-survdb/vercauteren08-PRRT
Vercauteren09,PRRT,https://hivdb.stanford.edu/cpr/report/?load=hiv-survdb/vercauteren09-PRRT
Vergne00,PRRT,https://hivdb.stanford.edu/cpr/report/?load=hiv-survdb/vergne00-PRRT
Vergne00,IN,https://hivdb.stanford.edu/cpr/report/?load=hiv-survdb/vergne00-IN
Vergne06,PRRT,https://hivdb.stanford.edu/cpr/report/?load=hiv-survdb/vergne06-PRRT
Vergne06b,PRRT,https://hivdb.stanford.edu/cpr/report/?load=hiv-survdb/vergne06b-PRRT
Verhofstede17,PRRT,https://hivdb.stanford.edu/cpr/report/?load=hiv-survdb/verhofstede17-PRRT
Vessiere06,PRRT,https://hivdb.stanford.edu/cpr/report/?load=hiv-survdb/vessiere06-PRRT
Viani06,PRRT,https://hivdb.stanford.edu/cpr/report/?load=hiv-survdb/viani06-PRRT
Vicente01,PRRT,https://hivdb.stanford.edu/cpr/report/?load=hiv-survdb/vicente01-PRRT
Vicenti07,PRRT,https://hivdb.stanford.edu/cpr/report/?load=hiv-survdb/vicenti07-PRRT
Vidal00,PRRT,https://hivdb.stanford.edu/cpr/report/?load=hiv-survdb/vidal00-PRRT
Vidal00,IN,https://hivdb.stanford.edu/cpr/report/?load=hiv-survdb/vidal00-IN
Vidal03,PRRT,https://hivdb.stanford.edu/cpr/report/?load=hiv-survdb/vidal03-PRRT
Vidal03,IN,https://hivdb.stanford.edu/cpr/report/?load=hiv-survdb/vidal03-IN
Vidal06,PRRT,https://hivdb.stanford.edu/cpr/report/?load=hiv-survdb/vidal06-PRRT
Vidal06b,PRRT,https://hivdb.stanford.edu/cpr/report/?load=hiv-survdb/vidal06b-PRRT
Vidal06b,IN,https://hivdb.stanford.edu/cpr/report/?load=hiv-survdb/vidal06b-IN
Vidal07,PRRT,https://hivdb.stanford.edu/cpr/report/?load=hiv-survdb/vidal07-PRRT
Vidal08,PRRT,https://hivdb.stanford.edu/cpr/report/?load=hiv-survdb/vidal08-PRRT
Vidal08,IN,https://hivdb.stanford.edu/cpr/report/?load=hiv-survdb/vidal08-IN
Vidal09,PRRT,https://hivdb.stanford.edu/cpr/report/?load=hiv-survdb/vidal09-PRRT
Vidal09,IN,https://hivdb.stanford.edu/cpr/report/?load=hiv-survdb/vidal09-IN
Vignoles07,PRRT,https://hivdb.stanford.edu/cpr/report/?load=hiv-survdb/vignoles07-PRRT
Vinogradova10,PRRT,https://hivdb.stanford.edu/cpr/report/?load=hiv-survdb/vinogradova10-PRRT
Viputtijul02,PRRT,https://hivdb.stanford.edu/cpr/report/?load=hiv-survdb/viputtijul02-PRRT
Viputtijul02,IN,https://hivdb.stanford.edu/cpr/report/?load=hiv-survdb/viputtijul02-IN
Visawapoka06,PRRT,https://hivdb.stanford.edu/cpr/report/?load=hiv-survdb/visawapoka06-PRRT
Visawapoka06,IN,https://hivdb.stanford.edu/cpr/report/?load=hiv-survdb/visawapoka06-IN
Vubil16,PRRT,https://hivdb.stanford.edu/cpr/report/?load=hiv-survdb/vubil16-PRRT
Wahid16,PRRT,https://hivdb.stanford.edu/cpr/report/?load=hiv-survdb/wahid16-PRRT
Wang08,PRRT,https://hivdb.stanford.edu/cpr/report/?load=hiv-survdb/wang08-PRRT
Wang09,PRRT,https://hivdb.stanford.edu/cpr/report/?load=hiv-survdb/wang09-PRRT
Wang09,IN,https://hivdb.stanford.edu/cpr/report/?load=hiv-survdb/wang09-IN
Wang15,PRRT,https://hivdb.stanford.edu/cpr/report/?load=hiv-survdb/wang15-PRRT
Wang15b,PRRT,https://hivdb.stanford.edu/cpr/report/?load=hiv-survdb/wang15b-PRRT
Wang15c,PRRT,https://hivdb.stanford.edu/cpr/report/?load=hiv-survdb/wang15c-PRRT
Wang18,PRRT,https://hivdb.stanford.edu/cpr/report/?load=hiv-survdb/wang18-PRRT
Wang18b,PRRT,https://hivdb.stanford.edu/cpr/report/?load=hiv-survdb/wang18b-PRRT
Wang19,PRRT,https://hivdb.stanford.edu/cpr/report/?load=hiv-survdb/wang19-PRRT
Warachit07,PRRT,https://hivdb.stanford.edu/cpr/report/?load=hiv-survdb/warachit07-PRRT
Warachit07,IN,https://hivdb.stanford.edu/cpr/report/?load=hiv-survdb/warachit07-IN
Watanaveeradej03,PRRT,https://hivdb.stanford.edu/cpr/report/?load=hiv-survdb/watanaveeradej03-PRRT
Watanaveeradej03,IN,https://hivdb.stanford.edu/cpr/report/?load=hiv-survdb/watanaveeradej03-IN
Watanaveeradej06,PRRT,https://hivdb.stanford.edu/cpr/report/?load=hiv-survdb/watanaveeradej06-PRRT
Watanaveeradej06,IN,https://hivdb.stanford.edu/cpr/report/?load=hiv-survdb/watanaveeradej06-IN
Wei13,PRRT,https://hivdb.stanford.edu/cpr/report/?load=hiv-survdb/wei13-PRRT
Wei13,IN,https://hivdb.stanford.edu/cpr/report/?load=hiv-survdb/wei13-IN
Wei14,PRRT,https://hivdb.stanford.edu/cpr/report/?load=hiv-survdb/wei14-PRRT
Wei14,IN,https://hivdb.stanford.edu/cpr/report/?load=hiv-survdb/wei14-IN
Wei14b,PRRT,https://hivdb.stanford.edu/cpr/report/?load=hiv-survdb/wei14b-PRRT
Wei14b,IN,https://hivdb.stanford.edu/cpr/report/?load=hiv-survdb/wei14b-IN
Weng16,PRRT,https://hivdb.stanford.edu/cpr/report/?load=hiv-survdb/weng16-PRRT
Wilantho11,IN,https://hivdb.stanford.edu/cpr/report/?load=hiv-survdb/wilantho11-IN
Wilbe02,PRRT,https://hivdb.stanford.edu/cpr/report/?load=hiv-survdb/wilbe02-PRRT
Wilbe02,IN,https://hivdb.stanford.edu/cpr/report/?load=hiv-survdb/wilbe02-IN
Wilhelmson18,PRRT,https://hivdb.stanford.edu/cpr/report/?load=hiv-survdb/wilhelmson18-PRRT
Willliamson03,PRRT,https://hivdb.stanford.edu/cpr/report/?load=hiv-survdb/willliamson03-PRRT
Willliamson03,IN,https://hivdb.stanford.edu/cpr/report/?load=hiv-survdb/willliamson03-IN
Winslow95,PRRT,https://hivdb.stanford.edu/cpr/report/?load=hiv-survdb/winslow95-PRRT
Witaningrum16,PRRT,https://hivdb.stanford.edu/cpr/report/?load=hiv-survdb/witaningrum16-PRRT
Worobey16,PRRT,https://hivdb.stanford.edu/cpr/report/?load=hiv-survdb/worobey16-PRRT
Worobey16,IN,https://hivdb.stanford.edu/cpr/report/?load=hiv-survdb/worobey16-IN
Wright10,PRRT,https://hivdb.stanford.edu/cpr/report/?load=hiv-survdb/wright10-PRRT
Wright11,PRRT,https://hivdb.stanford.edu/cpr/report/?load=hiv-survdb/wright11-PRRT
Wu13,PRRT,https://hivdb.stanford.edu/cpr/report/?load=hiv-survdb/wu13-PRRT
Wu13,IN,https://hivdb.stanford.edu/cpr/report/?load=hiv-survdb/wu13-IN
Wu15,PRRT,https://hivdb.stanford.edu/cpr/report/?load=hiv-survdb/wu15-PRRT
Wu19,PRRT,https://hivdb.stanford.edu/cpr/report/?load=hiv-survdb/wu19-PRRT
Wu20,PRRT,https://hivdb.stanford.edu/cpr/report/?load=hiv-survdb/wu20-PRRT
Wu20,IN,https://hivdb.stanford.edu/cpr/report/?load=hiv-survdb/wu20-IN
Xie20,PRRT,https://hivdb.stanford.edu/cpr/report/?load=hiv-survdb/xie20-PRRT
Xie20,IN,https://hivdb.stanford.edu/cpr/report/?load=hiv-survdb/xie20-IN
Xu18,PRRT,https://hivdb.stanford.edu/cpr/report/?load=hiv-survdb/xu18-PRRT
Xuan18,PRRT,https://hivdb.stanford.edu/cpr/report/?load=hiv-survdb/xuan18-PRRT
Yamaguchi09,PRRT,https://hivdb.stanford.edu/cpr/report/?load=hiv-survdb/yamaguchi09-PRRT
Yamaguchi09,IN,https://hivdb.stanford.edu/cpr/report/?load=hiv-survdb/yamaguchi09-IN
Yamaguchi10,PRRT,https://hivdb.stanford.edu/cpr/report/?load=hiv-survdb/yamaguchi10-PRRT
Yamaguchi10,IN,https://hivdb.stanford.edu/cpr/report/?load=hiv-survdb/yamaguchi10-IN
Yamaguchi19,PRRT,https://hivdb.stanford.edu/cpr/report/?load=hiv-survdb/yamaguchi19-PRRT
Yamaguchi19,IN,https://hivdb.stanford.edu/cpr/report/?load=hiv-survdb/yamaguchi19-IN
Yamaguchi95,PRRT,https://hivdb.stanford.edu/cpr/report/?load=hiv-survdb/yamaguchi95-PRRT
Yan15,PRRT,https://hivdb.stanford.edu/cpr/report/?load=hiv-survdb/yan15-PRRT
Yang02,PRRT,https://hivdb.stanford.edu/cpr/report/?load=hiv-survdb/yang02-PRRT
Yang03,PRRT,https://hivdb.stanford.edu/cpr/report/?load=hiv-survdb/yang03-PRRT
Yang03,IN,https://hivdb.stanford.edu/cpr/report/?load=hiv-survdb/yang03-IN
Yang04,PRRT,https://hivdb.stanford.edu/cpr/report/?load=hiv-survdb/yang04-PRRT
Yang11,PRRT,https://hivdb.stanford.edu/cpr/report/?load=hiv-survdb/yang11-PRRT
Yang12,PRRT,https://hivdb.stanford.edu/cpr/report/?load=hiv-survdb/yang12-PRRT
Yang20,PRRT,https://hivdb.stanford.edu/cpr/report/?load=hiv-survdb/yang20-PRRT
Yang20,IN,https://hivdb.stanford.edu/cpr/report/?load=hiv-survdb/yang20-IN
Yao15,PRRT,https://hivdb.stanford.edu/cpr/report/?load=hiv-survdb/yao15-PRRT
Yao15b,PRRT,https://hivdb.stanford.edu/cpr/report/?load=hiv-survdb/yao15b-PRRT
Yaotse09,PRRT,https://hivdb.stanford.edu/cpr/report/?load=hiv-survdb/yaotse09-PRRT
Yaqub19,PRRT,https://hivdb.stanford.edu/cpr/report/?load=hiv-survdb/yaqub19-PRRT
Ye11,PRRT,https://hivdb.stanford.edu/cpr/report/?load=hiv-survdb/ye11-PRRT
Ye12,PRRT,https://hivdb.stanford.edu/cpr/report/?load=hiv-survdb/ye12-PRRT
Ye14,PRRT,https://hivdb.stanford.edu/cpr/report/?load=hiv-survdb/ye14-PRRT
Ye20,PRRT,https://hivdb.stanford.edu/cpr/report/?load=hiv-survdb/ye20-PRRT
Ye20b,PRRT,https://hivdb.stanford.edu/cpr/report/?load=hiv-survdb/ye20b-PRRT
Ye20b,IN,https://hivdb.stanford.edu/cpr/report/?load=hiv-survdb/ye20b-IN
Yebra09,PRRT,https://hivdb.stanford.edu/cpr/report/?load=hiv-survdb/yebra09-PRRT
Yebra10,PRRT,https://hivdb.stanford.edu/cpr/report/?load=hiv-survdb/yebra10-PRRT
Yerly01,PRRT,https://hivdb.stanford.edu/cpr/report/?load=hiv-survdb/yerly01-PRRT
Yerly04,PRRT,https://hivdb.stanford.edu/cpr/report/?load=hiv-survdb/yerly04-PRRT
Yin20,PRRT,https://hivdb.stanford.edu/cpr/report/?load=hiv-survdb/yin20-PRRT
Youngpairoj12,PRRT,https://hivdb.stanford.edu/cpr/report/?load=hiv-survdb/youngpairoj12-PRRT
Yousef16,PRRT,https://hivdb.stanford.edu/cpr/report/?load=hiv-survdb/yousef16-PRRT
Yu09,PRRT,https://hivdb.stanford.edu/cpr/report/?load=hiv-survdb/yu09-PRRT
Yu20,PRRT,https://hivdb.stanford.edu/cpr/report/?load=hiv-survdb/yu20-PRRT
Yuan18,PRRT,https://hivdb.stanford.edu/cpr/report/?load=hiv-survdb/yuan18-PRRT
Zain17,PRRT,https://hivdb.stanford.edu/cpr/report/?load=hiv-survdb/zain17-PRRT
Zaki20,PRRT,https://hivdb.stanford.edu/cpr/report/?load=hiv-survdb/zaki20-PRRT
Zarandia06,PRRT,https://hivdb.stanford.edu/cpr/report/?load=hiv-survdb/zarandia06-PRRT
Zarandia06,IN,https://hivdb.stanford.edu/cpr/report/?load=hiv-survdb/zarandia06-IN
Zeh05,PRRT,https://hivdb.stanford.edu/cpr/report/?load=hiv-survdb/zeh05-PRRT
Zeh16,PRRT,https://hivdb.stanford.edu/cpr/report/?load=hiv-survdb/zeh16-PRRT
Zeng11,PRRT,https://hivdb.stanford.edu/cpr/report/?load=hiv-survdb/zeng11-PRRT
Zeng12,PRRT,https://hivdb.stanford.edu/cpr/report/?load=hiv-survdb/zeng12-PRRT
Zeng12,IN,https://hivdb.stanford.edu/cpr/report/?load=hiv-survdb/zeng12-IN
Zeng13,PRRT,https://hivdb.stanford.edu/cpr/report/?load=hiv-survdb/zeng13-PRRT
Zeng17,PRRT,https://hivdb.stanford.edu/cpr/report/?load=hiv-survdb/zeng17-PRRT
Zeng20,PRRT,https://hivdb.stanford.edu/cpr/report/?load=hiv-survdb/zeng20-PRRT
Zhang10,PRRT,https://hivdb.stanford.edu/cpr/report/?load=hiv-survdb/zhang10-PRRT
Zhang15,PRRT,https://hivdb.stanford.edu/cpr/report/?load=hiv-survdb/zhang15-PRRT
Zhang15b,PRRT,https://hivdb.stanford.edu/cpr/report/?load=hiv-survdb/zhang15b-PRRT
Zhang17,PRRT,https://hivdb.stanford.edu/cpr/report/?load=hiv-survdb/zhang17-PRRT
Zhang19,PRRT,https://hivdb.stanford.edu/cpr/report/?load=hiv-survdb/zhang19-PRRT
Zhang19,IN,https://hivdb.stanford.edu/cpr/report/?load=hiv-survdb/zhang19-IN
Zhao14,PRRT,https://hivdb.stanford.edu/cpr/report/?load=hiv-survdb/zhao14-PRRT
Zhao16,PRRT,https://hivdb.stanford.edu/cpr/report/?load=hiv-survdb/zhao16-PRRT
Zhao20,PRRT,https://hivdb.stanford.edu/cpr/report/?load=hiv-survdb/zhao20-PRRT
Zhao20,IN,https://hivdb.stanford.edu/cpr/report/?load=hiv-survdb/zhao20-IN
Zheng13,PRRT,https://hivdb.stanford.edu/cpr/report/?load=hiv-survdb/zheng13-PRRT
Zhong03,PRRT,https://hivdb.stanford.edu/cpr/report/?load=hiv-survdb/zhong03-PRRT
Zhou08,PRRT,https://hivdb.stanford.edu/cpr/report/?load=hiv-survdb/zhou08-PRRT
Zhou14,PRRT,https://hivdb.stanford.edu/cpr/report/?load=hiv-survdb/zhou14-PRRT
Zhu95,PRRT,https://hivdb.stanford.edu/cpr/report/?load=hiv-survdb/zhu95-PRRT
Zhu95,IN,https://hivdb.stanford.edu/cpr/report/?load=hiv-survdb/zhu95-IN
Zuckerman19,PRRT,https://hivdb.stanford.edu/cpr/report/?load=hiv-survdb/zuckerman19-PRRT
daSilveira12,PRRT,https://hivdb.stanford.edu/cpr/report/?load=hiv-survdb/dasilveira12-PRRT
deCastro14,PRRT,https://hivdb.stanford.edu/cpr/report/?load=hiv-survdb/decastro14-PRRT
deCoul00,PRRT,https://hivdb.stanford.edu/cpr/report/?load=hiv-survdb/decoul00-PRRT
deMedeiros11,PRRT,https://hivdb.stanford.edu/cpr/report/?load=hiv-survdb/demedeiros11-PRRT
deParga05,PRRT,https://hivdb.stanford.edu/cpr/report/?load=hiv-survdb/deparga05-PRRT
deSaFilho02,PRRT,https://hivdb.stanford.edu/cpr/report/?load=hiv-survdb/desafilho02-PRRT
deSaFilho06,PRRT,https://hivdb.stanford.edu/cpr/report/?load=hiv-survdb/desafilho06-PRRT
deSaFilho06,IN,https://hivdb.stanford.edu/cpr/report/?load=hiv-survdb/desafilho06-IN
deSaFilho09,PRRT,https://hivdb.stanford.edu/cpr/report/?load=hiv-survdb/desafilho09-PRRT
deSilva11,PRRT,https://hivdb.stanford.edu/cpr/report/?load=hiv-survdb/desilva11-PRRT
deSilva11,IN,https://hivdb.stanford.edu/cpr/report/?load=hiv-survdb/desilva11-IN
vanDerHoek07,PRRT,https://hivdb.stanford.edu/cpr/report/?load=hiv-survdb/vanderhoek07-PRRT
vanDerHoek07,IN,https://hivdb.stanford.edu/cpr/report/?load=hiv-survdb/vanderhoek07-IN
vanHal09,IN,https://hivdb.stanford.edu/cpr/report/?load=hiv-survdb/vanhal09-IN
vanHarmelen01,PRRT,https://hivdb.stanford.edu/cpr/report/?load=hiv-survdb/vanharmelen01-PRRT
vanHarmelen01,IN,https://hivdb.stanford.edu/cpr/report/?load=hiv-survdb/vanharmelen01-IN
vanZyl17,PRRT,https://hivdb.stanford.edu/cpr/report/?load=hiv-survdb/vanzyl17-PRRT
