ref_name,continent_name,permanent_url
Abongwa19,NULL,https://hivdb.stanford.edu/cpr/report/?load=hiv-survdb/abongwa19
Aghokeng09,NULL,https://hivdb.stanford.edu/cpr/report/?load=hiv-survdb/aghokeng09
Aghokeng11,NULL,https://hivdb.stanford.edu/cpr/report/?load=hiv-survdb/aghokeng11
Ajoge12,NULL,https://hivdb.stanford.edu/cpr/report/?load=hiv-survdb/ajoge12
Alencar13,NULL,https://hivdb.stanford.edu/cpr/report/?load=hiv-survdb/alencar13
Amogne16,NULL,https://hivdb.stanford.edu/cpr/report/?load=hiv-survdb/amogne16
An12,NULL,https://hivdb.stanford.edu/cpr/report/?load=hiv-survdb/an12
Annaz11,NULL,https://hivdb.stanford.edu/cpr/report/?load=hiv-survdb/annaz11
Antoniadou13,NULL,https://hivdb.stanford.edu/cpr/report/?load=hiv-survdb/antoniadou13
Araújo19,NULL,https://hivdb.stanford.edu/cpr/report/?load=hiv-survdb/araújo19
Ariffin14,NULL,https://hivdb.stanford.edu/cpr/report/?load=hiv-survdb/ariffin14
Arimide18,NULL,https://hivdb.stanford.edu/cpr/report/?load=hiv-survdb/arimide18
Arruda10b,NULL,https://hivdb.stanford.edu/cpr/report/?load=hiv-survdb/arruda10b
Arruda18,NULL,https://hivdb.stanford.edu/cpr/report/?load=hiv-survdb/arruda18
Avi09,NULL,https://hivdb.stanford.edu/cpr/report/?load=hiv-survdb/avi09
Avi10b,NULL,https://hivdb.stanford.edu/cpr/report/?load=hiv-survdb/avi10b
Avi13,NULL,https://hivdb.stanford.edu/cpr/report/?load=hiv-survdb/avi13
Avila-Rios12,NULL,https://hivdb.stanford.edu/cpr/report/?load=hiv-survdb/avila-rios12
Ay17,NULL,https://hivdb.stanford.edu/cpr/report/?load=hiv-survdb/ay17
Ay20,NULL,https://hivdb.stanford.edu/cpr/report/?load=hiv-survdb/ay20
Ayouba09,Africa,https://hivdb.stanford.edu/cpr/report/?load=hiv-survdb/ayouba09-africa
Ayouba09,Asia,https://hivdb.stanford.edu/cpr/report/?load=hiv-survdb/ayouba09-asia
Babic06,NULL,https://hivdb.stanford.edu/cpr/report/?load=hiv-survdb/babic06
Baker07,NULL,https://hivdb.stanford.edu/cpr/report/?load=hiv-survdb/baker07
Balakrishnan05,NULL,https://hivdb.stanford.edu/cpr/report/?load=hiv-survdb/balakrishnan05
Balode10,NULL,https://hivdb.stanford.edu/cpr/report/?load=hiv-survdb/balode10
Balotta00,NULL,https://hivdb.stanford.edu/cpr/report/?load=hiv-survdb/balotta00
Bang08,NULL,https://hivdb.stanford.edu/cpr/report/?load=hiv-survdb/bang08
Bao08,NULL,https://hivdb.stanford.edu/cpr/report/?load=hiv-survdb/bao08
Bao14,NULL,https://hivdb.stanford.edu/cpr/report/?load=hiv-survdb/bao14
Barrow13,NULL,https://hivdb.stanford.edu/cpr/report/?load=hiv-survdb/barrow13
Bartolo09,NULL,https://hivdb.stanford.edu/cpr/report/?load=hiv-survdb/bartolo09
Bartolo14,NULL,https://hivdb.stanford.edu/cpr/report/?load=hiv-survdb/bartolo14
Baudi17,NULL,https://hivdb.stanford.edu/cpr/report/?load=hiv-survdb/baudi17
Baxter21,NULL,https://hivdb.stanford.edu/cpr/report/?load=hiv-survdb/baxter21
Becker-Pergola00,NULL,https://hivdb.stanford.edu/cpr/report/?load=hiv-survdb/becker-pergola00
Bellocchi05,NULL,https://hivdb.stanford.edu/cpr/report/?load=hiv-survdb/bellocchi05
Bessong06,NULL,https://hivdb.stanford.edu/cpr/report/?load=hiv-survdb/bessong06
Bila13,NULL,https://hivdb.stanford.edu/cpr/report/?load=hiv-survdb/bila13
Billings16,NULL,https://hivdb.stanford.edu/cpr/report/?load=hiv-survdb/billings16
Billings17,NULL,https://hivdb.stanford.edu/cpr/report/?load=hiv-survdb/billings17
Billings19,NULL,https://hivdb.stanford.edu/cpr/report/?load=hiv-survdb/billings19
Billong13,NULL,https://hivdb.stanford.edu/cpr/report/?load=hiv-survdb/billong13
Boender15,NULL,https://hivdb.stanford.edu/cpr/report/?load=hiv-survdb/boender15
Bontell11,NULL,https://hivdb.stanford.edu/cpr/report/?load=hiv-survdb/bontell11
Bonura10,NULL,https://hivdb.stanford.edu/cpr/report/?load=hiv-survdb/bonura10
Bracho14,NULL,https://hivdb.stanford.edu/cpr/report/?load=hiv-survdb/bracho14
Brennan09,NULL,https://hivdb.stanford.edu/cpr/report/?load=hiv-survdb/brennan09
Brennan10,NULL,https://hivdb.stanford.edu/cpr/report/?load=hiv-survdb/brennan10
Brigido07,NULL,https://hivdb.stanford.edu/cpr/report/?load=hiv-survdb/brigido07
Brindeiro03,NULL,https://hivdb.stanford.edu/cpr/report/?load=hiv-survdb/brindeiro03
Brooks13,NULL,https://hivdb.stanford.edu/cpr/report/?load=hiv-survdb/brooks13
Brown00,NULL,https://hivdb.stanford.edu/cpr/report/?load=hiv-survdb/brown00
Brown09,NULL,https://hivdb.stanford.edu/cpr/report/?load=hiv-survdb/brown09
Brumme07,NULL,https://hivdb.stanford.edu/cpr/report/?load=hiv-survdb/brumme07
Brumme09,NULL,https://hivdb.stanford.edu/cpr/report/?load=hiv-survdb/brumme09
Bruzzone15,NULL,https://hivdb.stanford.edu/cpr/report/?load=hiv-survdb/bruzzone15
Bussmann05,NULL,https://hivdb.stanford.edu/cpr/report/?load=hiv-survdb/bussmann05
Bussmann11,NULL,https://hivdb.stanford.edu/cpr/report/?load=hiv-survdb/bussmann11
Caplinskas13,NULL,https://hivdb.stanford.edu/cpr/report/?load=hiv-survdb/caplinskas13
Capoferri20,NULL,https://hivdb.stanford.edu/cpr/report/?load=hiv-survdb/capoferri20
Cardoso09,NULL,https://hivdb.stanford.edu/cpr/report/?load=hiv-survdb/cardoso09
Caron12,NULL,https://hivdb.stanford.edu/cpr/report/?load=hiv-survdb/caron12
Carr05,Africa,https://hivdb.stanford.edu/cpr/report/?load=hiv-survdb/carr05-africa
Carr05,Asia,https://hivdb.stanford.edu/cpr/report/?load=hiv-survdb/carr05-asia
Carvalho11,NULL,https://hivdb.stanford.edu/cpr/report/?load=hiv-survdb/carvalho11
Carvalho15,NULL,https://hivdb.stanford.edu/cpr/report/?load=hiv-survdb/carvalho15
Castelbranco10,NULL,https://hivdb.stanford.edu/cpr/report/?load=hiv-survdb/castelbranco10
Castillo09,NULL,https://hivdb.stanford.edu/cpr/report/?load=hiv-survdb/castillo09
Castro10,NULL,https://hivdb.stanford.edu/cpr/report/?load=hiv-survdb/castro10
Chaillon17,NULL,https://hivdb.stanford.edu/cpr/report/?load=hiv-survdb/chaillon17
Chaix03,NULL,https://hivdb.stanford.edu/cpr/report/?load=hiv-survdb/chaix03
Chamberland12,NULL,https://hivdb.stanford.edu/cpr/report/?load=hiv-survdb/chamberland12
Chang08,NULL,https://hivdb.stanford.edu/cpr/report/?load=hiv-survdb/chang08
Chang18,NULL,https://hivdb.stanford.edu/cpr/report/?load=hiv-survdb/chang18
Chang20,NULL,https://hivdb.stanford.edu/cpr/report/?load=hiv-survdb/chang20
Charpentier11,NULL,https://hivdb.stanford.edu/cpr/report/?load=hiv-survdb/charpentier11
Chaturbhuj10,NULL,https://hivdb.stanford.edu/cpr/report/?load=hiv-survdb/chaturbhuj10
Chehadeh15,NULL,https://hivdb.stanford.edu/cpr/report/?load=hiv-survdb/chehadeh15
Chen12,NULL,https://hivdb.stanford.edu/cpr/report/?load=hiv-survdb/chen12
Chen13,NULL,https://hivdb.stanford.edu/cpr/report/?load=hiv-survdb/chen13
Chen14,NULL,https://hivdb.stanford.edu/cpr/report/?load=hiv-survdb/chen14
Chen14b,NULL,https://hivdb.stanford.edu/cpr/report/?load=hiv-survdb/chen14b
Chen16,NULL,https://hivdb.stanford.edu/cpr/report/?load=hiv-survdb/chen16
Chen17b,NULL,https://hivdb.stanford.edu/cpr/report/?load=hiv-survdb/chen17b
Chen18,NULL,https://hivdb.stanford.edu/cpr/report/?load=hiv-survdb/chen18
Chen18b,NULL,https://hivdb.stanford.edu/cpr/report/?load=hiv-survdb/chen18b
Chen18c,NULL,https://hivdb.stanford.edu/cpr/report/?load=hiv-survdb/chen18c
Chen20,NULL,https://hivdb.stanford.edu/cpr/report/?load=hiv-survdb/chen20
Cheriro15,NULL,https://hivdb.stanford.edu/cpr/report/?load=hiv-survdb/cheriro15
Chibo11,NULL,https://hivdb.stanford.edu/cpr/report/?load=hiv-survdb/chibo11
Chikata14,NULL,https://hivdb.stanford.edu/cpr/report/?load=hiv-survdb/chikata14
Chin06,NULL,https://hivdb.stanford.edu/cpr/report/?load=hiv-survdb/chin06
Chin10,NULL,https://hivdb.stanford.edu/cpr/report/?load=hiv-survdb/chin10
Chin15,NULL,https://hivdb.stanford.edu/cpr/report/?load=hiv-survdb/chin15
Choi08,NULL,https://hivdb.stanford.edu/cpr/report/?load=hiv-survdb/choi08
Chow16,NULL,https://hivdb.stanford.edu/cpr/report/?load=hiv-survdb/chow16
Chung14,NULL,https://hivdb.stanford.edu/cpr/report/?load=hiv-survdb/chung14
Church07,NULL,https://hivdb.stanford.edu/cpr/report/?load=hiv-survdb/church07
Ciccozzi05,NULL,https://hivdb.stanford.edu/cpr/report/?load=hiv-survdb/ciccozzi05
Courtney16,NULL,https://hivdb.stanford.edu/cpr/report/?load=hiv-survdb/courtney16
Crispim19,NULL,https://hivdb.stanford.edu/cpr/report/?load=hiv-survdb/crispim19
Cuevas09,NULL,https://hivdb.stanford.edu/cpr/report/?load=hiv-survdb/cuevas09
Dalai09,NULL,https://hivdb.stanford.edu/cpr/report/?load=hiv-survdb/dalai09
Darcissac16,NULL,https://hivdb.stanford.edu/cpr/report/?load=hiv-survdb/darcissac16
daSilveira12,NULL,https://hivdb.stanford.edu/cpr/report/?load=hiv-survdb/dasilveira12
Dauwe15,NULL,https://hivdb.stanford.edu/cpr/report/?load=hiv-survdb/dauwe15
Dean11,NULL,https://hivdb.stanford.edu/cpr/report/?load=hiv-survdb/dean11
deCastro14,NULL,https://hivdb.stanford.edu/cpr/report/?load=hiv-survdb/decastro14
DeGascun12,NULL,https://hivdb.stanford.edu/cpr/report/?load=hiv-survdb/degascun12
Deho08,NULL,https://hivdb.stanford.edu/cpr/report/?load=hiv-survdb/deho08
Delatorre17,NULL,https://hivdb.stanford.edu/cpr/report/?load=hiv-survdb/delatorre17
Delgado15,NULL,https://hivdb.stanford.edu/cpr/report/?load=hiv-survdb/delgado15
Delwart12,NULL,https://hivdb.stanford.edu/cpr/report/?load=hiv-survdb/delwart12
deMedeiros11,NULL,https://hivdb.stanford.edu/cpr/report/?load=hiv-survdb/demedeiros11
deParga05,NULL,https://hivdb.stanford.edu/cpr/report/?load=hiv-survdb/deparga05
Derache07,NULL,https://hivdb.stanford.edu/cpr/report/?load=hiv-survdb/derache07
Derache08,NULL,https://hivdb.stanford.edu/cpr/report/?load=hiv-survdb/derache08
Derache18,NULL,https://hivdb.stanford.edu/cpr/report/?load=hiv-survdb/derache18
deSaFilho02,NULL,https://hivdb.stanford.edu/cpr/report/?load=hiv-survdb/desafilho02
deSaFilho09,NULL,https://hivdb.stanford.edu/cpr/report/?load=hiv-survdb/desafilho09
Descamps10,NULL,https://hivdb.stanford.edu/cpr/report/?load=hiv-survdb/descamps10
Deshpande04,NULL,https://hivdb.stanford.edu/cpr/report/?load=hiv-survdb/deshpande04
Deshpande11,NULL,https://hivdb.stanford.edu/cpr/report/?load=hiv-survdb/deshpande11
Dilernia07,NULL,https://hivdb.stanford.edu/cpr/report/?load=hiv-survdb/dilernia07
Diop-Ndiaye10,NULL,https://hivdb.stanford.edu/cpr/report/?load=hiv-survdb/diop-ndiaye10
Djoko10,NULL,https://hivdb.stanford.edu/cpr/report/?load=hiv-survdb/djoko10
Djoko10b,NULL,https://hivdb.stanford.edu/cpr/report/?load=hiv-survdb/djoko10b
Dowling02,NULL,https://hivdb.stanford.edu/cpr/report/?load=hiv-survdb/dowling02
Duc12,NULL,https://hivdb.stanford.edu/cpr/report/?load=hiv-survdb/duc12
Dumans02,NULL,https://hivdb.stanford.edu/cpr/report/?load=hiv-survdb/dumans02
Duque02,NULL,https://hivdb.stanford.edu/cpr/report/?load=hiv-survdb/duque02
Edoul20,NULL,https://hivdb.stanford.edu/cpr/report/?load=hiv-survdb/edoul20
Escoto-Delgadillo05,NULL,https://hivdb.stanford.edu/cpr/report/?load=hiv-survdb/escoto-delgadillo05
Escoto-Delgadillo16,NULL,https://hivdb.stanford.edu/cpr/report/?load=hiv-survdb/escoto-delgadillo16
Eshleman07,NULL,https://hivdb.stanford.edu/cpr/report/?load=hiv-survdb/eshleman07
Eshleman09b,NULL,https://hivdb.stanford.edu/cpr/report/?load=hiv-survdb/eshleman09b
Eyzaguirre07,NULL,https://hivdb.stanford.edu/cpr/report/?load=hiv-survdb/eyzaguirre07
Fabeni20,NULL,https://hivdb.stanford.edu/cpr/report/?load=hiv-survdb/fabeni20
Fayssel16,NULL,https://hivdb.stanford.edu/cpr/report/?load=hiv-survdb/fayssel16
Feng16b,NULL,https://hivdb.stanford.edu/cpr/report/?load=hiv-survdb/feng16b
Ferreira08,NULL,https://hivdb.stanford.edu/cpr/report/?load=hiv-survdb/ferreira08
Ferreira11,NULL,https://hivdb.stanford.edu/cpr/report/?load=hiv-survdb/ferreira11
Ferreira13,NULL,https://hivdb.stanford.edu/cpr/report/?load=hiv-survdb/ferreira13
Florea11,NULL,https://hivdb.stanford.edu/cpr/report/?load=hiv-survdb/florea11
Fokam16,NULL,https://hivdb.stanford.edu/cpr/report/?load=hiv-survdb/fokam16
Fokam20,NULL,https://hivdb.stanford.edu/cpr/report/?load=hiv-survdb/fokam20
Frange12,NULL,https://hivdb.stanford.edu/cpr/report/?load=hiv-survdb/frange12
Frentz13,NULL,https://hivdb.stanford.edu/cpr/report/?load=hiv-survdb/frentz13
Fujisaki09,NULL,https://hivdb.stanford.edu/cpr/report/?load=hiv-survdb/fujisaki09
Galluzzo07,NULL,https://hivdb.stanford.edu/cpr/report/?load=hiv-survdb/galluzzo07
Gashnikova16,NULL,https://hivdb.stanford.edu/cpr/report/?load=hiv-survdb/gashnikova16
Gaspareto12,NULL,https://hivdb.stanford.edu/cpr/report/?load=hiv-survdb/gaspareto12
Gatanaga07,NULL,https://hivdb.stanford.edu/cpr/report/?load=hiv-survdb/gatanaga07
Ghafari17,NULL,https://hivdb.stanford.edu/cpr/report/?load=hiv-survdb/ghafari17
Gonsalez07,NULL,https://hivdb.stanford.edu/cpr/report/?load=hiv-survdb/gonsalez07
Gonzalez-Domenech18,NULL,https://hivdb.stanford.edu/cpr/report/?load=hiv-survdb/gonzalez-domenech18
Gonzalez-Domenech20,NULL,https://hivdb.stanford.edu/cpr/report/?load=hiv-survdb/gonzalez-domenech20
Gonzalez-Perez03,NULL,https://hivdb.stanford.edu/cpr/report/?load=hiv-survdb/gonzalez-perez03
Gonzalez10,NULL,https://hivdb.stanford.edu/cpr/report/?load=hiv-survdb/gonzalez10
Gordon03,NULL,https://hivdb.stanford.edu/cpr/report/?load=hiv-survdb/gordon03
Graf11,NULL,https://hivdb.stanford.edu/cpr/report/?load=hiv-survdb/graf11
Grgic13,NULL,https://hivdb.stanford.edu/cpr/report/?load=hiv-survdb/grgic13
Grossman05,NULL,https://hivdb.stanford.edu/cpr/report/?load=hiv-survdb/grossman05
Guan20,NULL,https://hivdb.stanford.edu/cpr/report/?load=hiv-survdb/guan20
Guimaraes15,NULL,https://hivdb.stanford.edu/cpr/report/?load=hiv-survdb/guimaraes15
Guimaraes15b,NULL,https://hivdb.stanford.edu/cpr/report/?load=hiv-survdb/guimaraes15b
Gulick04,NULL,https://hivdb.stanford.edu/cpr/report/?load=hiv-survdb/gulick04
Hachiya17,NULL,https://hivdb.stanford.edu/cpr/report/?load=hiv-survdb/hachiya17
Hamers11,NULL,https://hivdb.stanford.edu/cpr/report/?load=hiv-survdb/hamers11
Han07,NULL,https://hivdb.stanford.edu/cpr/report/?load=hiv-survdb/han07
Han10,NULL,https://hivdb.stanford.edu/cpr/report/?load=hiv-survdb/han10
Han13d,NULL,https://hivdb.stanford.edu/cpr/report/?load=hiv-survdb/han13d
Handema02,NULL,https://hivdb.stanford.edu/cpr/report/?load=hiv-survdb/handema02
Hanke19,NULL,https://hivdb.stanford.edu/cpr/report/?load=hiv-survdb/hanke19
Hanke20,NULL,https://hivdb.stanford.edu/cpr/report/?load=hiv-survdb/hanke20
Hanna03,NULL,https://hivdb.stanford.edu/cpr/report/?load=hiv-survdb/hanna03
Hao17,NULL,https://hivdb.stanford.edu/cpr/report/?load=hiv-survdb/hao17
Hassan13,NULL,https://hivdb.stanford.edu/cpr/report/?load=hiv-survdb/hassan13
Hassan18,NULL,https://hivdb.stanford.edu/cpr/report/?load=hiv-survdb/hassan18
Hassan19,NULL,https://hivdb.stanford.edu/cpr/report/?load=hiv-survdb/hassan19
Hattori10,NULL,https://hivdb.stanford.edu/cpr/report/?load=hiv-survdb/hattori10
Hattori16,NULL,https://hivdb.stanford.edu/cpr/report/?load=hiv-survdb/hattori16
Hawke13,NULL,https://hivdb.stanford.edu/cpr/report/?load=hiv-survdb/hawke13
Hebberecht20,NULL,https://hivdb.stanford.edu/cpr/report/?load=hiv-survdb/hebberecht20
Heipertz13,NULL,https://hivdb.stanford.edu/cpr/report/?load=hiv-survdb/heipertz13
Hernandez-Sanchez18,NULL,https://hivdb.stanford.edu/cpr/report/?load=hiv-survdb/hernandez-sanchez18
Hierholzer02b,NULL,https://hivdb.stanford.edu/cpr/report/?load=hiv-survdb/hierholzer02b
Hightower13,NULL,https://hivdb.stanford.edu/cpr/report/?load=hiv-survdb/hightower13
Hingankar12,NULL,https://hivdb.stanford.edu/cpr/report/?load=hiv-survdb/hingankar12
Holguin07,NULL,https://hivdb.stanford.edu/cpr/report/?load=hiv-survdb/holguin07
Holguin08,NULL,https://hivdb.stanford.edu/cpr/report/?load=hiv-survdb/holguin08
Huang09b,NULL,https://hivdb.stanford.edu/cpr/report/?load=hiv-survdb/huang09b
Huik19,NULL,https://hivdb.stanford.edu/cpr/report/?load=hiv-survdb/huik19
Hunt13,NULL,https://hivdb.stanford.edu/cpr/report/?load=hiv-survdb/hunt13
Hunt17,NULL,https://hivdb.stanford.edu/cpr/report/?load=hiv-survdb/hunt17
Huruy15,NULL,https://hivdb.stanford.edu/cpr/report/?load=hiv-survdb/huruy15
Ibe08,NULL,https://hivdb.stanford.edu/cpr/report/?load=hiv-survdb/ibe08
Imade13,NULL,https://hivdb.stanford.edu/cpr/report/?load=hiv-survdb/imade13
Iqbal09,NULL,https://hivdb.stanford.edu/cpr/report/?load=hiv-survdb/iqbal09
Irias19,NULL,https://hivdb.stanford.edu/cpr/report/?load=hiv-survdb/irias19
Ishizaki09,NULL,https://hivdb.stanford.edu/cpr/report/?load=hiv-survdb/ishizaki09
Iweriebor12,NULL,https://hivdb.stanford.edu/cpr/report/?load=hiv-survdb/iweriebor12
Jacobs08,NULL,https://hivdb.stanford.edu/cpr/report/?load=hiv-survdb/jacobs08
Jahanbakhsh12,NULL,https://hivdb.stanford.edu/cpr/report/?load=hiv-survdb/jahanbakhsh12
Jayaraman06,NULL,https://hivdb.stanford.edu/cpr/report/?load=hiv-survdb/jayaraman06
Jia19,NULL,https://hivdb.stanford.edu/cpr/report/?load=hiv-survdb/jia19
Joao20,NULL,https://hivdb.stanford.edu/cpr/report/?load=hiv-survdb/joao20
Jorgensen03,NULL,https://hivdb.stanford.edu/cpr/report/?load=hiv-survdb/jorgensen03
K'Aluoch05,NULL,https://hivdb.stanford.edu/cpr/report/?load=hiv-survdb/kaluoch05
Kamoto08,NULL,https://hivdb.stanford.edu/cpr/report/?load=hiv-survdb/kamoto08
Kandathil09,NULL,https://hivdb.stanford.edu/cpr/report/?load=hiv-survdb/kandathil09
Kannangai15,NULL,https://hivdb.stanford.edu/cpr/report/?load=hiv-survdb/kannangai15
Kao11,NULL,https://hivdb.stanford.edu/cpr/report/?load=hiv-survdb/kao11
Karade16,NULL,https://hivdb.stanford.edu/cpr/report/?load=hiv-survdb/karade16
Karamov18,NULL,https://hivdb.stanford.edu/cpr/report/?load=hiv-survdb/karamov18
Karlsson12,NULL,https://hivdb.stanford.edu/cpr/report/?load=hiv-survdb/karlsson12
Kasang11,NULL,https://hivdb.stanford.edu/cpr/report/?load=hiv-survdb/kasang11
Kassu07,NULL,https://hivdb.stanford.edu/cpr/report/?load=hiv-survdb/kassu07
Kemal13,NULL,https://hivdb.stanford.edu/cpr/report/?load=hiv-survdb/kemal13
Kiertiburanakul13,NULL,https://hivdb.stanford.edu/cpr/report/?load=hiv-survdb/kiertiburanakul13
Kijak01,NULL,https://hivdb.stanford.edu/cpr/report/?load=hiv-survdb/kijak01
Kijak13,NULL,https://hivdb.stanford.edu/cpr/report/?load=hiv-survdb/kijak13
Kinloch16,NULL,https://hivdb.stanford.edu/cpr/report/?load=hiv-survdb/kinloch16
Kiptoo13,NULL,https://hivdb.stanford.edu/cpr/report/?load=hiv-survdb/kiptoo13
Kiros20,NULL,https://hivdb.stanford.edu/cpr/report/?load=hiv-survdb/kiros20
Konou16,NULL,https://hivdb.stanford.edu/cpr/report/?load=hiv-survdb/konou16
Kostaki18,NULL,https://hivdb.stanford.edu/cpr/report/?load=hiv-survdb/kostaki18
Kostaki19,NULL,https://hivdb.stanford.edu/cpr/report/?load=hiv-survdb/kostaki19
Kotaki15,NULL,https://hivdb.stanford.edu/cpr/report/?load=hiv-survdb/kotaki15
Kouri15,NULL,https://hivdb.stanford.edu/cpr/report/?load=hiv-survdb/kouri15
Kousiappa09,NULL,https://hivdb.stanford.edu/cpr/report/?load=hiv-survdb/kousiappa09
Kroon18,NULL,https://hivdb.stanford.edu/cpr/report/?load=hiv-survdb/kroon18
Lall08,NULL,https://hivdb.stanford.edu/cpr/report/?load=hiv-survdb/lall08
Lama06,NULL,https://hivdb.stanford.edu/cpr/report/?load=hiv-survdb/lama06
Lan03,NULL,https://hivdb.stanford.edu/cpr/report/?load=hiv-survdb/lan03
Lavu17,NULL,https://hivdb.stanford.edu/cpr/report/?load=hiv-survdb/lavu17
Lazaro11,NULL,https://hivdb.stanford.edu/cpr/report/?load=hiv-survdb/lazaro11
Lee09,NULL,https://hivdb.stanford.edu/cpr/report/?load=hiv-survdb/lee09
Lee14,NULL,https://hivdb.stanford.edu/cpr/report/?load=hiv-survdb/lee14
Li13,NULL,https://hivdb.stanford.edu/cpr/report/?load=hiv-survdb/li13
Li13c,NULL,https://hivdb.stanford.edu/cpr/report/?load=hiv-survdb/li13c
Li13d,NULL,https://hivdb.stanford.edu/cpr/report/?load=hiv-survdb/li13d
Li15,NULL,https://hivdb.stanford.edu/cpr/report/?load=hiv-survdb/li15
Li15b,NULL,https://hivdb.stanford.edu/cpr/report/?load=hiv-survdb/li15b
Li16,NULL,https://hivdb.stanford.edu/cpr/report/?load=hiv-survdb/li16
Li16b,NULL,https://hivdb.stanford.edu/cpr/report/?load=hiv-survdb/li16b
Li18,NULL,https://hivdb.stanford.edu/cpr/report/?load=hiv-survdb/li18
Liang20,NULL,https://hivdb.stanford.edu/cpr/report/?load=hiv-survdb/liang20
Liao07,NULL,https://hivdb.stanford.edu/cpr/report/?load=hiv-survdb/liao07
Liao09,NULL,https://hivdb.stanford.edu/cpr/report/?load=hiv-survdb/liao09
Lihana09,NULL,https://hivdb.stanford.edu/cpr/report/?load=hiv-survdb/lihana09
Lima16,NULL,https://hivdb.stanford.edu/cpr/report/?load=hiv-survdb/lima16
Lin13,NULL,https://hivdb.stanford.edu/cpr/report/?load=hiv-survdb/lin13
Lindstrom06,NULL,https://hivdb.stanford.edu/cpr/report/?load=hiv-survdb/lindstrom06
Little02,NULL,https://hivdb.stanford.edu/cpr/report/?load=hiv-survdb/little02
Little14,NULL,https://hivdb.stanford.edu/cpr/report/?load=hiv-survdb/little14
Lloyd08,NULL,https://hivdb.stanford.edu/cpr/report/?load=hiv-survdb/lloyd08
Lu15,NULL,https://hivdb.stanford.edu/cpr/report/?load=hiv-survdb/lu15
Lu17,NULL,https://hivdb.stanford.edu/cpr/report/?load=hiv-survdb/lu17
Lu18,NULL,https://hivdb.stanford.edu/cpr/report/?load=hiv-survdb/lu18
Lu19,NULL,https://hivdb.stanford.edu/cpr/report/?load=hiv-survdb/lu19
Lunar13,NULL,https://hivdb.stanford.edu/cpr/report/?load=hiv-survdb/lunar13
Lunar15,NULL,https://hivdb.stanford.edu/cpr/report/?load=hiv-survdb/lunar15
Lunar18,NULL,https://hivdb.stanford.edu/cpr/report/?load=hiv-survdb/lunar18
Ly05,NULL,https://hivdb.stanford.edu/cpr/report/?load=hiv-survdb/ly05
Machado02,NULL,https://hivdb.stanford.edu/cpr/report/?load=hiv-survdb/machado02
Machado12,NULL,https://hivdb.stanford.edu/cpr/report/?load=hiv-survdb/machado12
Machado19,NULL,https://hivdb.stanford.edu/cpr/report/?load=hiv-survdb/machado19
Macharia16,NULL,https://hivdb.stanford.edu/cpr/report/?load=hiv-survdb/macharia16
Machnowska19,NULL,https://hivdb.stanford.edu/cpr/report/?load=hiv-survdb/machnowska19
Maljkovic03,NULL,https://hivdb.stanford.edu/cpr/report/?load=hiv-survdb/maljkovic03
Manasa11,NULL,https://hivdb.stanford.edu/cpr/report/?load=hiv-survdb/manasa11
Marechal06,NULL,https://hivdb.stanford.edu/cpr/report/?load=hiv-survdb/marechal06
Maruapula20,NULL,https://hivdb.stanford.edu/cpr/report/?load=hiv-survdb/maruapula20
Masimba13,NULL,https://hivdb.stanford.edu/cpr/report/?load=hiv-survdb/masimba13
Matthews08,NULL,https://hivdb.stanford.edu/cpr/report/?load=hiv-survdb/matthews08
Mazzuti20,NULL,https://hivdb.stanford.edu/cpr/report/?load=hiv-survdb/mazzuti20
Mbange18,NULL,https://hivdb.stanford.edu/cpr/report/?load=hiv-survdb/mbange18
Mbisa20,NULL,https://hivdb.stanford.edu/cpr/report/?load=hiv-survdb/mbisa20
McConnell08,NULL,https://hivdb.stanford.edu/cpr/report/?load=hiv-survdb/mcconnell08
Megasari19,NULL,https://hivdb.stanford.edu/cpr/report/?load=hiv-survdb/megasari19
Meixenberger14,NULL,https://hivdb.stanford.edu/cpr/report/?load=hiv-survdb/meixenberger14
Memarnejadian15,NULL,https://hivdb.stanford.edu/cpr/report/?load=hiv-survdb/memarnejadian15
Memarnejadian18,NULL,https://hivdb.stanford.edu/cpr/report/?load=hiv-survdb/memarnejadian18
Mezei11,NULL,https://hivdb.stanford.edu/cpr/report/?load=hiv-survdb/mezei11
Milne19,NULL,https://hivdb.stanford.edu/cpr/report/?load=hiv-survdb/milne19
Miura08,NULL,https://hivdb.stanford.edu/cpr/report/?load=hiv-survdb/miura08
Mosha10,NULL,https://hivdb.stanford.edu/cpr/report/?load=hiv-survdb/mosha10
Moura15,NULL,https://hivdb.stanford.edu/cpr/report/?load=hiv-survdb/moura15
Moura15b,NULL,https://hivdb.stanford.edu/cpr/report/?load=hiv-survdb/moura15b
Mulu13,NULL,https://hivdb.stanford.edu/cpr/report/?load=hiv-survdb/mulu13
Murillo12,NULL,https://hivdb.stanford.edu/cpr/report/?load=hiv-survdb/murillo12
Musyoki12,NULL,https://hivdb.stanford.edu/cpr/report/?load=hiv-survdb/musyoki12
Nadai09,NULL,https://hivdb.stanford.edu/cpr/report/?load=hiv-survdb/nadai09
Nanfack17,NULL,https://hivdb.stanford.edu/cpr/report/?load=hiv-survdb/nanfack17
Nazziwa12,NULL,https://hivdb.stanford.edu/cpr/report/?load=hiv-survdb/nazziwa12
Ndase12,NULL,https://hivdb.stanford.edu/cpr/report/?load=hiv-survdb/ndase12
Ndembi08,NULL,https://hivdb.stanford.edu/cpr/report/?load=hiv-survdb/ndembi08
Ndembi08b,NULL,https://hivdb.stanford.edu/cpr/report/?load=hiv-survdb/ndembi08b
Ndembi11,NULL,https://hivdb.stanford.edu/cpr/report/?load=hiv-survdb/ndembi11
Nduva20,NULL,https://hivdb.stanford.edu/cpr/report/?load=hiv-survdb/nduva20
Neogi15,NULL,https://hivdb.stanford.edu/cpr/report/?load=hiv-survdb/neogi15
Nesakumar19,NULL,https://hivdb.stanford.edu/cpr/report/?load=hiv-survdb/nesakumar19
Ngo-Giang-Huong19,NULL,https://hivdb.stanford.edu/cpr/report/?load=hiv-survdb/ngo-giang-huong19
Nguyen08,NULL,https://hivdb.stanford.edu/cpr/report/?load=hiv-survdb/nguyen08
Niculescu14,NULL,https://hivdb.stanford.edu/cpr/report/?load=hiv-survdb/niculescu14
Njai06,NULL,https://hivdb.stanford.edu/cpr/report/?load=hiv-survdb/njai06
Njouom03,NULL,https://hivdb.stanford.edu/cpr/report/?load=hiv-survdb/njouom03
Nouhin09,NULL,https://hivdb.stanford.edu/cpr/report/?load=hiv-survdb/nouhin09
Nwobegahay11,NULL,https://hivdb.stanford.edu/cpr/report/?load=hiv-survdb/nwobegahay11
Nwobegahay11b,NULL,https://hivdb.stanford.edu/cpr/report/?load=hiv-survdb/nwobegahay11b
Nwobegahay12,NULL,https://hivdb.stanford.edu/cpr/report/?load=hiv-survdb/nwobegahay12
Oette06,NULL,https://hivdb.stanford.edu/cpr/report/?load=hiv-survdb/oette06
Ojesina06,NULL,https://hivdb.stanford.edu/cpr/report/?load=hiv-survdb/ojesina06
Ojwach18,NULL,https://hivdb.stanford.edu/cpr/report/?load=hiv-survdb/ojwach18
Ong13,NULL,https://hivdb.stanford.edu/cpr/report/?load=hiv-survdb/ong13
Onoro07,NULL,https://hivdb.stanford.edu/cpr/report/?load=hiv-survdb/onoro07
Onywera17,NULL,https://hivdb.stanford.edu/cpr/report/?load=hiv-survdb/onywera17
Oroz19,NULL,https://hivdb.stanford.edu/cpr/report/?load=hiv-survdb/oroz19
Palacios08,NULL,https://hivdb.stanford.edu/cpr/report/?load=hiv-survdb/palacios08
Palma07,NULL,https://hivdb.stanford.edu/cpr/report/?load=hiv-survdb/palma07
Pandrea02,NULL,https://hivdb.stanford.edu/cpr/report/?load=hiv-survdb/pandrea02
Panichsillapakit16,NULL,https://hivdb.stanford.edu/cpr/report/?load=hiv-survdb/panichsillapakit16
Papathanasopoulos10,NULL,https://hivdb.stanford.edu/cpr/report/?load=hiv-survdb/papathanasopoulos10
Paraschiv07,NULL,https://hivdb.stanford.edu/cpr/report/?load=hiv-survdb/paraschiv07
Paraschiv17,NULL,https://hivdb.stanford.edu/cpr/report/?load=hiv-survdb/paraschiv17
Paraskevis05,NULL,https://hivdb.stanford.edu/cpr/report/?load=hiv-survdb/paraskevis05
Parboosing11,NULL,https://hivdb.stanford.edu/cpr/report/?load=hiv-survdb/parboosing11
Parczewski14,NULL,https://hivdb.stanford.edu/cpr/report/?load=hiv-survdb/parczewski14
Parham11,NULL,https://hivdb.stanford.edu/cpr/report/?load=hiv-survdb/parham11
Pariente04,NULL,https://hivdb.stanford.edu/cpr/report/?load=hiv-survdb/pariente04
Park03,NULL,https://hivdb.stanford.edu/cpr/report/?load=hiv-survdb/park03
Parreira06,NULL,https://hivdb.stanford.edu/cpr/report/?load=hiv-survdb/parreira06
Patino-Galindo17,NULL,https://hivdb.stanford.edu/cpr/report/?load=hiv-survdb/patino-galindo17
Perez-Parra16,NULL,https://hivdb.stanford.edu/cpr/report/?load=hiv-survdb/perez-parra16
Perez-Parra17,NULL,https://hivdb.stanford.edu/cpr/report/?load=hiv-survdb/perez-parra17
Perno01,NULL,https://hivdb.stanford.edu/cpr/report/?load=hiv-survdb/perno01
Pessoa15,NULL,https://hivdb.stanford.edu/cpr/report/?load=hiv-survdb/pessoa15
Pessoa16,NULL,https://hivdb.stanford.edu/cpr/report/?load=hiv-survdb/pessoa16
Petroni06,NULL,https://hivdb.stanford.edu/cpr/report/?load=hiv-survdb/petroni06
Pham15,NULL,https://hivdb.stanford.edu/cpr/report/?load=hiv-survdb/pham15
Phan10,NULL,https://hivdb.stanford.edu/cpr/report/?load=hiv-survdb/phan10
Pillay02,NULL,https://hivdb.stanford.edu/cpr/report/?load=hiv-survdb/pillay02
Pillay08,NULL,https://hivdb.stanford.edu/cpr/report/?load=hiv-survdb/pillay08
Pires04,NULL,https://hivdb.stanford.edu/cpr/report/?load=hiv-survdb/pires04
Price11,NULL,https://hivdb.stanford.edu/cpr/report/?load=hiv-survdb/price11
Ragonnet-Cronin10,NULL,https://hivdb.stanford.edu/cpr/report/?load=hiv-survdb/ragonnet-cronin10
Ragonnet-Cronin12,NULL,https://hivdb.stanford.edu/cpr/report/?load=hiv-survdb/ragonnet-cronin12
Ragonnet-Cronin12b,NULL,https://hivdb.stanford.edu/cpr/report/?load=hiv-survdb/ragonnet-cronin12b
Rasmussen18,NULL,https://hivdb.stanford.edu/cpr/report/?load=hiv-survdb/rasmussen18
Ravuri06,NULL,https://hivdb.stanford.edu/cpr/report/?load=hiv-survdb/ravuri06
Razafindratsimandresy06,NULL,https://hivdb.stanford.edu/cpr/report/?load=hiv-survdb/razafindratsimandresy06
Razafindratsimandresy07,NULL,https://hivdb.stanford.edu/cpr/report/?load=hiv-survdb/razafindratsimandresy07
Rhee15,NULL,https://hivdb.stanford.edu/cpr/report/?load=hiv-survdb/rhee15
Rhee19,NULL,https://hivdb.stanford.edu/cpr/report/?load=hiv-survdb/rhee19
Roberts15,NULL,https://hivdb.stanford.edu/cpr/report/?load=hiv-survdb/roberts15
Rodrigues06,NULL,https://hivdb.stanford.edu/cpr/report/?load=hiv-survdb/rodrigues06
Rolland11,NULL,https://hivdb.stanford.edu/cpr/report/?load=hiv-survdb/rolland11
Rolland12,NULL,https://hivdb.stanford.edu/cpr/report/?load=hiv-survdb/rolland12
Romano00,NULL,https://hivdb.stanford.edu/cpr/report/?load=hiv-survdb/romano00
Ross14,NULL,https://hivdb.stanford.edu/cpr/report/?load=hiv-survdb/ross14
Rudovick18,NULL,https://hivdb.stanford.edu/cpr/report/?load=hiv-survdb/rudovick18
Saad06,NULL,https://hivdb.stanford.edu/cpr/report/?load=hiv-survdb/saad06
Saad06b,NULL,https://hivdb.stanford.edu/cpr/report/?load=hiv-survdb/saad06b
Sacks-Davis20,NULL,https://hivdb.stanford.edu/cpr/report/?load=hiv-survdb/sacks-davis20
Sagoe07,NULL,https://hivdb.stanford.edu/cpr/report/?load=hiv-survdb/sagoe07
Salvana14,NULL,https://hivdb.stanford.edu/cpr/report/?load=hiv-survdb/salvana14
Sanabani11,NULL,https://hivdb.stanford.edu/cpr/report/?load=hiv-survdb/sanabani11
Santos11,NULL,https://hivdb.stanford.edu/cpr/report/?load=hiv-survdb/santos11
Sebastião19,NULL,https://hivdb.stanford.edu/cpr/report/?load=hiv-survdb/sebastião19
Selimova10,NULL,https://hivdb.stanford.edu/cpr/report/?load=hiv-survdb/selimova10
Seoighe07,NULL,https://hivdb.stanford.edu/cpr/report/?load=hiv-survdb/seoighe07
Serrano12,NULL,https://hivdb.stanford.edu/cpr/report/?load=hiv-survdb/serrano12
Servais04,NULL,https://hivdb.stanford.edu/cpr/report/?load=hiv-survdb/servais04
Shafer03,NULL,https://hivdb.stanford.edu/cpr/report/?load=hiv-survdb/shafer03
Sigaloff12,NULL,https://hivdb.stanford.edu/cpr/report/?load=hiv-survdb/sigaloff12
Silva16,NULL,https://hivdb.stanford.edu/cpr/report/?load=hiv-survdb/silva16
Silva20,NULL,https://hivdb.stanford.edu/cpr/report/?load=hiv-survdb/silva20
Simon02,NULL,https://hivdb.stanford.edu/cpr/report/?load=hiv-survdb/simon02
Sinha12,NULL,https://hivdb.stanford.edu/cpr/report/?load=hiv-survdb/sinha12
Sirivichayakul01,NULL,https://hivdb.stanford.edu/cpr/report/?load=hiv-survdb/sirivichayakul01
Sirivichayakul08,NULL,https://hivdb.stanford.edu/cpr/report/?load=hiv-survdb/sirivichayakul08
Sivay20,NULL,https://hivdb.stanford.edu/cpr/report/?load=hiv-survdb/sivay20
Smith09,NULL,https://hivdb.stanford.edu/cpr/report/?load=hiv-survdb/smith09
Smolen-Dzirba12,NULL,https://hivdb.stanford.edu/cpr/report/?load=hiv-survdb/smolen-dzirba12
Smolen-Dzirba17,NULL,https://hivdb.stanford.edu/cpr/report/?load=hiv-survdb/smolen-dzirba17
Soares03,NULL,https://hivdb.stanford.edu/cpr/report/?load=hiv-survdb/soares03
Soares10,NULL,https://hivdb.stanford.edu/cpr/report/?load=hiv-survdb/soares10
Somda12,NULL,https://hivdb.stanford.edu/cpr/report/?load=hiv-survdb/somda12
Somi08,NULL,https://hivdb.stanford.edu/cpr/report/?load=hiv-survdb/somi08
Soria12,NULL,https://hivdb.stanford.edu/cpr/report/?load=hiv-survdb/soria12
Soria19,NULL,https://hivdb.stanford.edu/cpr/report/?load=hiv-survdb/soria19
Ssemwanga12,NULL,https://hivdb.stanford.edu/cpr/report/?load=hiv-survdb/ssemwanga12
Ssemwanga12b,NULL,https://hivdb.stanford.edu/cpr/report/?load=hiv-survdb/ssemwanga12b
Stanojevic13,NULL,https://hivdb.stanford.edu/cpr/report/?load=hiv-survdb/stanojevic13
Steegen16,NULL,https://hivdb.stanford.edu/cpr/report/?load=hiv-survdb/steegen16
Su11,NULL,https://hivdb.stanford.edu/cpr/report/?load=hiv-survdb/su11
Sucupira07,NULL,https://hivdb.stanford.edu/cpr/report/?load=hiv-survdb/sucupira07
Sun19,NULL,https://hivdb.stanford.edu/cpr/report/?load=hiv-survdb/sun19
Tamalet18,NULL,https://hivdb.stanford.edu/cpr/report/?load=hiv-survdb/tamalet18
Tamalet18b,NULL,https://hivdb.stanford.edu/cpr/report/?load=hiv-survdb/tamalet18b
Tanaka19,NULL,https://hivdb.stanford.edu/cpr/report/?load=hiv-survdb/tanaka19
Tanuma13,NULL,https://hivdb.stanford.edu/cpr/report/?load=hiv-survdb/tanuma13
Tchiakpe20,NULL,https://hivdb.stanford.edu/cpr/report/?load=hiv-survdb/tchiakpe20
Tchouwa18,NULL,https://hivdb.stanford.edu/cpr/report/?load=hiv-survdb/tchouwa18
Tebit09,NULL,https://hivdb.stanford.edu/cpr/report/?load=hiv-survdb/tebit09
Tee05,NULL,https://hivdb.stanford.edu/cpr/report/?load=hiv-survdb/tee05
Tee05b,NULL,https://hivdb.stanford.edu/cpr/report/?load=hiv-survdb/tee05b
Teixeira06,NULL,https://hivdb.stanford.edu/cpr/report/?load=hiv-survdb/teixeira06
Telan12,NULL,https://hivdb.stanford.edu/cpr/report/?load=hiv-survdb/telan12
Telele18,NULL,https://hivdb.stanford.edu/cpr/report/?load=hiv-survdb/telele18
Temereanca12,NULL,https://hivdb.stanford.edu/cpr/report/?load=hiv-survdb/temereanca12
Temereanca17,NULL,https://hivdb.stanford.edu/cpr/report/?load=hiv-survdb/temereanca17
Thao12,NULL,https://hivdb.stanford.edu/cpr/report/?load=hiv-survdb/thao12
Thorat11,NULL,https://hivdb.stanford.edu/cpr/report/?load=hiv-survdb/thorat11
Toni02,NULL,https://hivdb.stanford.edu/cpr/report/?load=hiv-survdb/toni02
Toni03,NULL,https://hivdb.stanford.edu/cpr/report/?load=hiv-survdb/toni03
Toni07,NULL,https://hivdb.stanford.edu/cpr/report/?load=hiv-survdb/toni07
Tovanabutra04,NULL,https://hivdb.stanford.edu/cpr/report/?load=hiv-survdb/tovanabutra04
Tran12,NULL,https://hivdb.stanford.edu/cpr/report/?load=hiv-survdb/tran12
Trinh12,NULL,https://hivdb.stanford.edu/cpr/report/?load=hiv-survdb/trinh12
Truong11,NULL,https://hivdb.stanford.edu/cpr/report/?load=hiv-survdb/truong11
Tshabalala11,NULL,https://hivdb.stanford.edu/cpr/report/?load=hiv-survdb/tshabalala11
Tully16,North America,https://hivdb.stanford.edu/cpr/report/?load=hiv-survdb/tully16-north-america
Tully16,Europe,https://hivdb.stanford.edu/cpr/report/?load=hiv-survdb/tully16-europe
Ugbena12,NULL,https://hivdb.stanford.edu/cpr/report/?load=hiv-survdb/ugbena12
Vahabpour17,NULL,https://hivdb.stanford.edu/cpr/report/?load=hiv-survdb/vahabpour17
Valle-Bahena06,NULL,https://hivdb.stanford.edu/cpr/report/?load=hiv-survdb/valle-bahena06
VanTran16,NULL,https://hivdb.stanford.edu/cpr/report/?load=hiv-survdb/vantran16
vanZyl17,NULL,https://hivdb.stanford.edu/cpr/report/?load=hiv-survdb/vanzyl17
Varella07,NULL,https://hivdb.stanford.edu/cpr/report/?load=hiv-survdb/varella07
Vaughan03,NULL,https://hivdb.stanford.edu/cpr/report/?load=hiv-survdb/vaughan03
Vercauteren08,NULL,https://hivdb.stanford.edu/cpr/report/?load=hiv-survdb/vercauteren08
Vercauteren09,NULL,https://hivdb.stanford.edu/cpr/report/?load=hiv-survdb/vercauteren09
Vergne00,NULL,https://hivdb.stanford.edu/cpr/report/?load=hiv-survdb/vergne00
Vergne06b,NULL,https://hivdb.stanford.edu/cpr/report/?load=hiv-survdb/vergne06b
Verhofstede17,NULL,https://hivdb.stanford.edu/cpr/report/?load=hiv-survdb/verhofstede17
Vessiere06,NULL,https://hivdb.stanford.edu/cpr/report/?load=hiv-survdb/vessiere06
Viani06,NULL,https://hivdb.stanford.edu/cpr/report/?load=hiv-survdb/viani06
Vidal06,NULL,https://hivdb.stanford.edu/cpr/report/?load=hiv-survdb/vidal06
Vidal07,NULL,https://hivdb.stanford.edu/cpr/report/?load=hiv-survdb/vidal07
Vinogradova10,NULL,https://hivdb.stanford.edu/cpr/report/?load=hiv-survdb/vinogradova10
Vubil16,NULL,https://hivdb.stanford.edu/cpr/report/?load=hiv-survdb/vubil16
Wahid16,NULL,https://hivdb.stanford.edu/cpr/report/?load=hiv-survdb/wahid16
Wang08,NULL,https://hivdb.stanford.edu/cpr/report/?load=hiv-survdb/wang08
Wang09,NULL,https://hivdb.stanford.edu/cpr/report/?load=hiv-survdb/wang09
Wang15,NULL,https://hivdb.stanford.edu/cpr/report/?load=hiv-survdb/wang15
Wang15b,NULL,https://hivdb.stanford.edu/cpr/report/?load=hiv-survdb/wang15b
Wang18,NULL,https://hivdb.stanford.edu/cpr/report/?load=hiv-survdb/wang18
Wang18b,NULL,https://hivdb.stanford.edu/cpr/report/?load=hiv-survdb/wang18b
Wang19,NULL,https://hivdb.stanford.edu/cpr/report/?load=hiv-survdb/wang19
Weng16,NULL,https://hivdb.stanford.edu/cpr/report/?load=hiv-survdb/weng16
Wilhelmson18,NULL,https://hivdb.stanford.edu/cpr/report/?load=hiv-survdb/wilhelmson18
Willliamson03,NULL,https://hivdb.stanford.edu/cpr/report/?load=hiv-survdb/willliamson03
Witaningrum16,NULL,https://hivdb.stanford.edu/cpr/report/?load=hiv-survdb/witaningrum16
Wu13,NULL,https://hivdb.stanford.edu/cpr/report/?load=hiv-survdb/wu13
Wu15,NULL,https://hivdb.stanford.edu/cpr/report/?load=hiv-survdb/wu15
Wu19,NULL,https://hivdb.stanford.edu/cpr/report/?load=hiv-survdb/wu19
Wu20,NULL,https://hivdb.stanford.edu/cpr/report/?load=hiv-survdb/wu20
Xu18,NULL,https://hivdb.stanford.edu/cpr/report/?load=hiv-survdb/xu18
Xuan18,NULL,https://hivdb.stanford.edu/cpr/report/?load=hiv-survdb/xuan18
Yan15,NULL,https://hivdb.stanford.edu/cpr/report/?load=hiv-survdb/yan15
Yang02,NULL,https://hivdb.stanford.edu/cpr/report/?load=hiv-survdb/yang02
Yang04,NULL,https://hivdb.stanford.edu/cpr/report/?load=hiv-survdb/yang04
Yang11,NULL,https://hivdb.stanford.edu/cpr/report/?load=hiv-survdb/yang11
Yang12,NULL,https://hivdb.stanford.edu/cpr/report/?load=hiv-survdb/yang12
Yao15,NULL,https://hivdb.stanford.edu/cpr/report/?load=hiv-survdb/yao15
Yaotse09,NULL,https://hivdb.stanford.edu/cpr/report/?load=hiv-survdb/yaotse09
Ye11,NULL,https://hivdb.stanford.edu/cpr/report/?load=hiv-survdb/ye11
Ye14,NULL,https://hivdb.stanford.edu/cpr/report/?load=hiv-survdb/ye14
Ye20,NULL,https://hivdb.stanford.edu/cpr/report/?load=hiv-survdb/ye20
Ye20b,NULL,https://hivdb.stanford.edu/cpr/report/?load=hiv-survdb/ye20b
Yebra09,NULL,https://hivdb.stanford.edu/cpr/report/?load=hiv-survdb/yebra09
Yebra10,NULL,https://hivdb.stanford.edu/cpr/report/?load=hiv-survdb/yebra10
Yerly04,NULL,https://hivdb.stanford.edu/cpr/report/?load=hiv-survdb/yerly04
Yin20,NULL,https://hivdb.stanford.edu/cpr/report/?load=hiv-survdb/yin20
Youngpairoj12,NULL,https://hivdb.stanford.edu/cpr/report/?load=hiv-survdb/youngpairoj12
Yousef16,NULL,https://hivdb.stanford.edu/cpr/report/?load=hiv-survdb/yousef16
Yu09,NULL,https://hivdb.stanford.edu/cpr/report/?load=hiv-survdb/yu09
Yu20,NULL,https://hivdb.stanford.edu/cpr/report/?load=hiv-survdb/yu20
Yuan18,NULL,https://hivdb.stanford.edu/cpr/report/?load=hiv-survdb/yuan18
Zain17,NULL,https://hivdb.stanford.edu/cpr/report/?load=hiv-survdb/zain17
Zaki20,NULL,https://hivdb.stanford.edu/cpr/report/?load=hiv-survdb/zaki20
Zarandia06,NULL,https://hivdb.stanford.edu/cpr/report/?load=hiv-survdb/zarandia06
Zeh16,NULL,https://hivdb.stanford.edu/cpr/report/?load=hiv-survdb/zeh16
Zeng11,NULL,https://hivdb.stanford.edu/cpr/report/?load=hiv-survdb/zeng11
Zeng12,NULL,https://hivdb.stanford.edu/cpr/report/?load=hiv-survdb/zeng12
Zeng13,NULL,https://hivdb.stanford.edu/cpr/report/?load=hiv-survdb/zeng13
Zeng17,NULL,https://hivdb.stanford.edu/cpr/report/?load=hiv-survdb/zeng17
Zeng20,NULL,https://hivdb.stanford.edu/cpr/report/?load=hiv-survdb/zeng20
Zhang10,NULL,https://hivdb.stanford.edu/cpr/report/?load=hiv-survdb/zhang10
Zhang15,NULL,https://hivdb.stanford.edu/cpr/report/?load=hiv-survdb/zhang15
Zhao14,NULL,https://hivdb.stanford.edu/cpr/report/?load=hiv-survdb/zhao14
Zhao16,NULL,https://hivdb.stanford.edu/cpr/report/?load=hiv-survdb/zhao16
Zhao20,NULL,https://hivdb.stanford.edu/cpr/report/?load=hiv-survdb/zhao20
Zheng13,NULL,https://hivdb.stanford.edu/cpr/report/?load=hiv-survdb/zheng13
Zhou14,NULL,https://hivdb.stanford.edu/cpr/report/?load=hiv-survdb/zhou14
Zuckerman19,NULL,https://hivdb.stanford.edu/cpr/report/?load=hiv-survdb/zuckerman19
